--------------------------------------------------------
--  File created - viernes-marzo-10-2023   
--------------------------------------------------------
--------------------------------------------------------
--  DDL for Sequence APPLICATION_SEQ
--------------------------------------------------------

   CREATE SEQUENCE  "APPLICATION_SEQ"  MINVALUE 1 MAXVALUE 999999999999 INCREMENT BY 1 START WITH 1801 CACHE 20 NOORDER  NOCYCLE  NOKEEP  NOSCALE  GLOBAL ;
--------------------------------------------------------
--  DDL for Sequence CLIENTE_SEQ
--------------------------------------------------------

   CREATE SEQUENCE  "CLIENTE_SEQ"  MINVALUE 1 MAXVALUE 9999999999999999999999999999 INCREMENT BY 1 START WITH 309 NOCACHE  NOORDER  NOCYCLE  NOKEEP  NOSCALE  GLOBAL ;
--------------------------------------------------------
--  DDL for Sequence COMPRAS_PRODUCTOS_SEQ
--------------------------------------------------------

   CREATE SEQUENCE  "COMPRAS_PRODUCTOS_SEQ"  MINVALUE 1 MAXVALUE 9999999999999999999999999999 INCREMENT BY 1 START WITH 442 NOCACHE  NOORDER  NOCYCLE  NOKEEP  NOSCALE  GLOBAL ;
--------------------------------------------------------
--  DDL for Sequence COMPRAS_SEQ
--------------------------------------------------------

   CREATE SEQUENCE  "COMPRAS_SEQ"  MINVALUE 1 MAXVALUE 9999999999999999999999999999 INCREMENT BY 1 START WITH 317 NOCACHE  NOORDER  NOCYCLE  NOKEEP  NOSCALE  GLOBAL ;
--------------------------------------------------------
--  DDL for Sequence DOMICILIO_SEQ
--------------------------------------------------------

   CREATE SEQUENCE  "DOMICILIO_SEQ"  MINVALUE 1 MAXVALUE 9999999999999999999999999999 INCREMENT BY 1 START WITH 136 NOCACHE  NOORDER  NOCYCLE  NOKEEP  NOSCALE  GLOBAL ;
--------------------------------------------------------
--  DDL for Sequence MODULE_SEQ
--------------------------------------------------------

   CREATE SEQUENCE  "MODULE_SEQ"  MINVALUE 1 MAXVALUE 999999999999 INCREMENT BY 1 START WITH 761 CACHE 20 NOORDER  NOCYCLE  NOKEEP  NOSCALE  GLOBAL ;
--------------------------------------------------------
--  DDL for Sequence PRODUCTO_SEQ
--------------------------------------------------------

   CREATE SEQUENCE  "PRODUCTO_SEQ"  MINVALUE 1 MAXVALUE 9999999999999999999999999999 INCREMENT BY 1 START WITH 119 NOCACHE  NOORDER  NOCYCLE  NOKEEP  NOSCALE  GLOBAL ;
--------------------------------------------------------
--  DDL for Table APPLICATIONS
--------------------------------------------------------

  CREATE TABLE "APPLICATIONS" 
   (	"ID" NUMBER(7,0), 
	"APPLICATION_CODE" VARCHAR2(50 BYTE), 
	"APPLICATION_NAME" VARCHAR2(100 BYTE)
   ) SEGMENT CREATION IMMEDIATE 
  PCTFREE 10 PCTUSED 40 INITRANS 1 MAXTRANS 255 
 NOCOMPRESS LOGGING
  STORAGE(INITIAL 65536 NEXT 1048576 MINEXTENTS 1 MAXEXTENTS 2147483645
  PCTINCREASE 0 FREELISTS 1 FREELIST GROUPS 1
  BUFFER_POOL DEFAULT FLASH_CACHE DEFAULT CELL_FLASH_CACHE DEFAULT)
  TABLESPACE "USERS" ;
--------------------------------------------------------
--  DDL for Table CLIENTE
--------------------------------------------------------

  CREATE TABLE "CLIENTE" 
   (	"ID_CLIENTE" NUMBER(8,0), 
	"NOMBRE" VARCHAR2(50 BYTE), 
	"APELLIDO_PATERNO" VARCHAR2(50 BYTE), 
	"APELLIDO_MATERNO" VARCHAR2(50 BYTE), 
	"FECHA_NACIMIENTO" DATE, 
	"RFC" VARCHAR2(50 BYTE)
   ) SEGMENT CREATION IMMEDIATE 
  PCTFREE 10 PCTUSED 40 INITRANS 1 MAXTRANS 255 
 NOCOMPRESS LOGGING
  STORAGE(INITIAL 65536 NEXT 1048576 MINEXTENTS 1 MAXEXTENTS 2147483645
  PCTINCREASE 0 FREELISTS 1 FREELIST GROUPS 1
  BUFFER_POOL DEFAULT FLASH_CACHE DEFAULT CELL_FLASH_CACHE DEFAULT)
  TABLESPACE "USERS" ;
--------------------------------------------------------
--  DDL for Table COMPRAS
--------------------------------------------------------

  CREATE TABLE "COMPRAS" 
   (	"ID_COMPRA" NUMBER(10,0), 
	"FECHA_COMPRA" TIMESTAMP (6), 
	"DESCRIPCION" VARCHAR2(100 BYTE), 
	"FK_ID_CLIENTE" NUMBER(8,0), 
	"TOTAL" NUMBER(12,2), 
	"FK_ID_DIRECCION" NUMBER(8,0)
   ) SEGMENT CREATION IMMEDIATE 
  PCTFREE 10 PCTUSED 40 INITRANS 1 MAXTRANS 255 
 NOCOMPRESS LOGGING
  STORAGE(INITIAL 65536 NEXT 1048576 MINEXTENTS 1 MAXEXTENTS 2147483645
  PCTINCREASE 0 FREELISTS 1 FREELIST GROUPS 1
  BUFFER_POOL DEFAULT FLASH_CACHE DEFAULT CELL_FLASH_CACHE DEFAULT)
  TABLESPACE "USERS" ;
--------------------------------------------------------
--  DDL for Table COMPRAS_PRODUCTOS
--------------------------------------------------------

  CREATE TABLE "COMPRAS_PRODUCTOS" 
   (	"ID_COMPRAS_PRODUCTOS" NUMBER(12,0), 
	"NUMERO_ARTICULOS" NUMBER(3,0), 
	"FK_ID_PRODUCTO" NUMBER(8,0), 
	"FK_ID_COMPRA" NUMBER(10,0), 
	"PRECIO" NUMBER(10,2)
   ) SEGMENT CREATION IMMEDIATE 
  PCTFREE 10 PCTUSED 40 INITRANS 1 MAXTRANS 255 
 NOCOMPRESS LOGGING
  STORAGE(INITIAL 65536 NEXT 1048576 MINEXTENTS 1 MAXEXTENTS 2147483645
  PCTINCREASE 0 FREELISTS 1 FREELIST GROUPS 1
  BUFFER_POOL DEFAULT FLASH_CACHE DEFAULT CELL_FLASH_CACHE DEFAULT)
  TABLESPACE "USERS" ;
--------------------------------------------------------
--  DDL for Table DOMICILIO
--------------------------------------------------------

  CREATE TABLE "DOMICILIO" 
   (	"ID_DIRECCION" NUMBER(8,0), 
	"CALLE" VARCHAR2(100 BYTE), 
	"NUMERO_INTERIOR" VARCHAR2(10 BYTE), 
	"NUMERO_EXTERIOR" VARCHAR2(10 BYTE), 
	"COLONIA" VARCHAR2(50 BYTE), 
	"CODIGO_POSTAL" VARCHAR2(50 BYTE), 
	"FK_ID_CLIENTE" NUMBER(8,0)
   ) SEGMENT CREATION IMMEDIATE 
  PCTFREE 10 PCTUSED 40 INITRANS 1 MAXTRANS 255 
 NOCOMPRESS LOGGING
  STORAGE(INITIAL 65536 NEXT 1048576 MINEXTENTS 1 MAXEXTENTS 2147483645
  PCTINCREASE 0 FREELISTS 1 FREELIST GROUPS 1
  BUFFER_POOL DEFAULT FLASH_CACHE DEFAULT CELL_FLASH_CACHE DEFAULT)
  TABLESPACE "USERS" ;
--------------------------------------------------------
--  DDL for Table MODULES
--------------------------------------------------------

  CREATE TABLE "MODULES" 
   (	"ID_MODULE" NUMBER(7,0), 
	"DESCRIPTION" VARCHAR2(100 BYTE), 
	"CODE" VARCHAR2(50 BYTE), 
	"FK_ID_APPLICATION" NUMBER
   ) SEGMENT CREATION IMMEDIATE 
  PCTFREE 10 PCTUSED 40 INITRANS 1 MAXTRANS 255 
 NOCOMPRESS LOGGING
  STORAGE(INITIAL 65536 NEXT 1048576 MINEXTENTS 1 MAXEXTENTS 2147483645
  PCTINCREASE 0 FREELISTS 1 FREELIST GROUPS 1
  BUFFER_POOL DEFAULT FLASH_CACHE DEFAULT CELL_FLASH_CACHE DEFAULT)
  TABLESPACE "USERS" ;
--------------------------------------------------------
--  DDL for Table PRODUCTO
--------------------------------------------------------

  CREATE TABLE "PRODUCTO" 
   (	"ID_PRODUCTO" NUMBER(8,0), 
	"NOMBRE" VARCHAR2(50 BYTE), 
	"DESCRIPCION" VARCHAR2(50 BYTE), 
	"NUMERO_PIEZAS" VARCHAR2(50 BYTE), 
	"PRODUCTO_ACTIVO" NUMBER(1,0), 
	"CODIGO" VARCHAR2(50 BYTE), 
	"PRECIO" NUMBER(12,3)
   ) SEGMENT CREATION IMMEDIATE 
  PCTFREE 10 PCTUSED 40 INITRANS 1 MAXTRANS 255 
 NOCOMPRESS LOGGING
  STORAGE(INITIAL 65536 NEXT 1048576 MINEXTENTS 1 MAXEXTENTS 2147483645
  PCTINCREASE 0 FREELISTS 1 FREELIST GROUPS 1
  BUFFER_POOL DEFAULT FLASH_CACHE DEFAULT CELL_FLASH_CACHE DEFAULT)
  TABLESPACE "USERS" ;
REM INSERTING into APPLICATIONS
SET DEFINE OFF;
Insert into APPLICATIONS (ID,APPLICATION_CODE,APPLICATION_NAME) values (1121,'0000','aplicacion cero');
Insert into APPLICATIONS (ID,APPLICATION_CODE,APPLICATION_NAME) values (1323,'CodigoAplicacionEjemplo32','ApplicacionEjemplo32');
Insert into APPLICATIONS (ID,APPLICATION_CODE,APPLICATION_NAME) values (248,'1236','APP 3');
Insert into APPLICATIONS (ID,APPLICATION_CODE,APPLICATION_NAME) values (1322,'CodigoAplicacionEjemplo12','ApplicacionEjemplo12');
Insert into APPLICATIONS (ID,APPLICATION_CODE,APPLICATION_NAME) values (1521,'testtu.2','aplicaciontu.2');
Insert into APPLICATIONS (ID,APPLICATION_CODE,APPLICATION_NAME) values (1522,'testtu.2.2','aplicaciontu.2.2');
Insert into APPLICATIONS (ID,APPLICATION_CODE,APPLICATION_NAME) values (543,'Codigo Aplicacionb','Aplicacionb');
Insert into APPLICATIONS (ID,APPLICATION_CODE,APPLICATION_NAME) values (802,'060400','Applicacion nueve');
Insert into APPLICATIONS (ID,APPLICATION_CODE,APPLICATION_NAME) values (961,'Codifo nueva aplicacion','Nueva Aplicacion');
Insert into APPLICATIONS (ID,APPLICATION_CODE,APPLICATION_NAME) values (11,'codigo3312','new app');
Insert into APPLICATIONS (ID,APPLICATION_CODE,APPLICATION_NAME) values (1204,'12345','prueba de listass');
Insert into APPLICATIONS (ID,APPLICATION_CODE,APPLICATION_NAME) values (1208,'1234567','prueba de listasssss');
Insert into APPLICATIONS (ID,APPLICATION_CODE,APPLICATION_NAME) values (1305,'CodigoAplicacionEjemplo2','ApplicacionEjemplo2');
Insert into APPLICATIONS (ID,APPLICATION_CODE,APPLICATION_NAME) values (381,'Codigo 1','Aplicacion 1');
Insert into APPLICATIONS (ID,APPLICATION_CODE,APPLICATION_NAME) values (1706,'codigo nueva aplicacion -2','nueva aplicacion -2');
Insert into APPLICATIONS (ID,APPLICATION_CODE,APPLICATION_NAME) values (722,'Codigo nueva aplicacion - 7893','Nueva aplicacion - 7893');
Insert into APPLICATIONS (ID,APPLICATION_CODE,APPLICATION_NAME) values (741,'Codigo nueva aplicacion - 7893','Nueva aplicacion - 7893');
Insert into APPLICATIONS (ID,APPLICATION_CODE,APPLICATION_NAME) values (941,'Prueba 145','Prueba134');
Insert into APPLICATIONS (ID,APPLICATION_CODE,APPLICATION_NAME) values (32,'LSZ99','App 9918');
Insert into APPLICATIONS (ID,APPLICATION_CODE,APPLICATION_NAME) values (1,'Aplicacion actu','Aplicacion 6');
Insert into APPLICATIONS (ID,APPLICATION_CODE,APPLICATION_NAME) values (999,'testtutu','aplicaciontutu');
Insert into APPLICATIONS (ID,APPLICATION_CODE,APPLICATION_NAME) values (1022,'Codifo nueva aplicacion 11','Nueva Aplicacion 11');
Insert into APPLICATIONS (ID,APPLICATION_CODE,APPLICATION_NAME) values (1023,'Codifo nueva aplicacion actu2','Nueva Aplicacion actu2');
Insert into APPLICATIONS (ID,APPLICATION_CODE,APPLICATION_NAME) values (1304,'CodigoAplicacionEjemplo','ApplicacionEjemplo');
Insert into APPLICATIONS (ID,APPLICATION_CODE,APPLICATION_NAME) values (1202,'06048423','Applicacion nuevadh');
Insert into APPLICATIONS (ID,APPLICATION_CODE,APPLICATION_NAME) values (1241,'c3312','nueva app');
Insert into APPLICATIONS (ID,APPLICATION_CODE,APPLICATION_NAME) values (1303,'CodigoAplicacionEjemplo','ApplicacionEjemplo');
Insert into APPLICATIONS (ID,APPLICATION_CODE,APPLICATION_NAME) values (1307,'CodigoAplicacionEjemplo22','ApplicacionEjemplo22');
Insert into APPLICATIONS (ID,APPLICATION_CODE,APPLICATION_NAME) values (1149,'testtu.1','aplicaciontu.1');
Insert into APPLICATIONS (ID,APPLICATION_CODE,APPLICATION_NAME) values (6,'codigo 6','Aplicacion 6');
Insert into APPLICATIONS (ID,APPLICATION_CODE,APPLICATION_NAME) values (1021,'Codifo nueva aplicacion1','Nueva Aplicacion1');
Insert into APPLICATIONS (ID,APPLICATION_CODE,APPLICATION_NAME) values (1143,'Codigo nueva aplicacion','Nueva aplicacion');
Insert into APPLICATIONS (ID,APPLICATION_CODE,APPLICATION_NAME) values (382,'Codigo 1','Aplicacion 1');
Insert into APPLICATIONS (ID,APPLICATION_CODE,APPLICATION_NAME) values (1151,'testtu.1','aplicaciontu.1');
Insert into APPLICATIONS (ID,APPLICATION_CODE,APPLICATION_NAME) values (1186,'060482834','Applicacion nuevajdjs');
Insert into APPLICATIONS (ID,APPLICATION_CODE,APPLICATION_NAME) values (1187,'06048283467','Applicacion nuevajdjsjj');
Insert into APPLICATIONS (ID,APPLICATION_CODE,APPLICATION_NAME) values (1201,'06048423','Applicacion nuevadh');
Insert into APPLICATIONS (ID,APPLICATION_CODE,APPLICATION_NAME) values (1203,'1234','prueba de listas');
Insert into APPLICATIONS (ID,APPLICATION_CODE,APPLICATION_NAME) values (1205,'123456','prueba de listasss');
Insert into APPLICATIONS (ID,APPLICATION_CODE,APPLICATION_NAME) values (1206,'1234567','prueba de listasssss');
Insert into APPLICATIONS (ID,APPLICATION_CODE,APPLICATION_NAME) values (1301,'CodigoAplicacionEjemplo','ApplicacionEjemplo');
Insert into APPLICATIONS (ID,APPLICATION_CODE,APPLICATION_NAME) values (1302,'CodigoAplicacionEjemplo','ApplicacionEjemplo');
Insert into APPLICATIONS (ID,APPLICATION_CODE,APPLICATION_NAME) values (1705,'codigo nueva aplicacion -1','nueva aplicacion -1');
Insert into APPLICATIONS (ID,APPLICATION_CODE,APPLICATION_NAME) values (767,'2806','Nueva App');
Insert into APPLICATIONS (ID,APPLICATION_CODE,APPLICATION_NAME) values (661,'CodigoAplicacionEjemplo30','ApplicacionEjemplo30');
Insert into APPLICATIONS (ID,APPLICATION_CODE,APPLICATION_NAME) values (904,'n prueba515','n app15');
Insert into APPLICATIONS (ID,APPLICATION_CODE,APPLICATION_NAME) values (769,'2806','Nueva App');
Insert into APPLICATIONS (ID,APPLICATION_CODE,APPLICATION_NAME) values (902,'codeprueba15','nameprueba15');
Insert into APPLICATIONS (ID,APPLICATION_CODE,APPLICATION_NAME) values (962,'Codifo nueva aplicacion','Nueva Aplicacion');
Insert into APPLICATIONS (ID,APPLICATION_CODE,APPLICATION_NAME) values (963,'Codifo nueva aplicacion','Nueva Aplicacion');
Insert into APPLICATIONS (ID,APPLICATION_CODE,APPLICATION_NAME) values (964,'Codifo nueva aplicacion','Nueva Aplicacion');
Insert into APPLICATIONS (ID,APPLICATION_CODE,APPLICATION_NAME) values (921,'nueva prueba515','nueva app15');
Insert into APPLICATIONS (ID,APPLICATION_CODE,APPLICATION_NAME) values (1207,'1234567','prueba de listasssss');
Insert into APPLICATIONS (ID,APPLICATION_CODE,APPLICATION_NAME) values (1103,'Codifo nueva aplicacion 22','Nueva Aplicacion 22');
Insert into APPLICATIONS (ID,APPLICATION_CODE,APPLICATION_NAME) values (1146,'testtu.1','aplicaciontu.1');
REM INSERTING into CLIENTE
SET DEFINE OFF;
Insert into CLIENTE (ID_CLIENTE,NOMBRE,APELLIDO_PATERNO,APELLIDO_MATERNO,FECHA_NACIMIENTO,RFC) values (826,'ANDRESSSS','FLORES','ALLENDE',to_date('10-OCT-99','DD-MON-RR'),'FOAJ9901');
Insert into CLIENTE (ID_CLIENTE,NOMBRE,APELLIDO_PATERNO,APELLIDO_MATERNO,FECHA_NACIMIENTO,RFC) values (862,'Sandra','Lopez','Medina',to_date('21-OCT-22','DD-MON-RR'),'COLD211022');
Insert into CLIENTE (ID_CLIENTE,NOMBRE,APELLIDO_PATERNO,APELLIDO_MATERNO,FECHA_NACIMIENTO,RFC) values (226,'AramACT','GutierrezACT','DominguezACT',to_date('05-JAN-97','DD-MON-RR'),'ArGuDo01JAN1999ACT');
Insert into CLIENTE (ID_CLIENTE,NOMBRE,APELLIDO_PATERNO,APELLIDO_MATERNO,FECHA_NACIMIENTO,RFC) values (271,'BRIAN MARTIN','GUERRA','GARCIA',to_date('24-NOV-99','DD-MON-RR'),'GUGB5432GTRR070');
Insert into CLIENTE (ID_CLIENTE,NOMBRE,APELLIDO_PATERNO,APELLIDO_MATERNO,FECHA_NACIMIENTO,RFC) values (187,'Mario','Garcia','Luna',to_date('30-OCT-22','DD-MON-RR'),'GALM0006TNS');
Insert into CLIENTE (ID_CLIENTE,NOMBRE,APELLIDO_PATERNO,APELLIDO_MATERNO,FECHA_NACIMIENTO,RFC) values (192,'Martin ','Guerra','G',to_date('28-NOV-96','DD-MON-RR'),'gugb5441gtrr66');
Insert into CLIENTE (ID_CLIENTE,NOMBRE,APELLIDO_PATERNO,APELLIDO_MATERNO,FECHA_NACIMIENTO,RFC) values (235,'Jesús','Martinez','Sánchez',to_date('25-AUG-98','DD-MON-RR'),'SAMJ9808255JE');
Insert into CLIENTE (ID_CLIENTE,NOMBRE,APELLIDO_PATERNO,APELLIDO_MATERNO,FECHA_NACIMIENTO,RFC) values (252,'Pamela','Quintana','Garcia',to_date('10-MAR-11','DD-MON-RR'),'ABBBBBB2255');
Insert into CLIENTE (ID_CLIENTE,NOMBRE,APELLIDO_PATERNO,APELLIDO_MATERNO,FECHA_NACIMIENTO,RFC) values (1641,'Manuel','Perez','Dorado',to_date('21-OCT-22','DD-MON-RR'),'PEG41812197');
Insert into CLIENTE (ID_CLIENTE,NOMBRE,APELLIDO_PATERNO,APELLIDO_MATERNO,FECHA_NACIMIENTO,RFC) values (1609,'David','Flores','Allede',to_date('24-OCT-22','DD-MON-RR'),'FOAJ9901');
Insert into CLIENTE (ID_CLIENTE,NOMBRE,APELLIDO_PATERNO,APELLIDO_MATERNO,FECHA_NACIMIENTO,RFC) values (293,'Natali','Pedroza','Hernandez',to_date('28-JUN-00','DD-MON-RR'),'PEHK000628');
Insert into CLIENTE (ID_CLIENTE,NOMBRE,APELLIDO_PATERNO,APELLIDO_MATERNO,FECHA_NACIMIENTO,RFC) values (1643,'Manuel','Perez','Dorado',to_date('21-OCT-22','DD-MON-RR'),'PEG41812198');
Insert into CLIENTE (ID_CLIENTE,NOMBRE,APELLIDO_PATERNO,APELLIDO_MATERNO,FECHA_NACIMIENTO,RFC) values (244,'daniela','Rosa','Castaneda',to_date('09-AUG-98','DD-MON-RR'),'ROCD980810UW5');
Insert into CLIENTE (ID_CLIENTE,NOMBRE,APELLIDO_PATERNO,APELLIDO_MATERNO,FECHA_NACIMIENTO,RFC) values (203,'daniel','Rosas','Castaneda',to_date('09-AUG-98','DD-MON-RR'),'ROCD980810UW4');
Insert into CLIENTE (ID_CLIENTE,NOMBRE,APELLIDO_PATERNO,APELLIDO_MATERNO,FECHA_NACIMIENTO,RFC) values (173,'Jhonny','Jhonson','Joes',to_date('09-NOV-90','DD-MON-RR'),'HDSJA3735');
Insert into CLIENTE (ID_CLIENTE,NOMBRE,APELLIDO_PATERNO,APELLIDO_MATERNO,FECHA_NACIMIENTO,RFC) values (148,'ddd','ddd','ddd',to_date('22-OCT-22','DD-MON-RR'),'DDDD2210242');
Insert into CLIENTE (ID_CLIENTE,NOMBRE,APELLIDO_PATERNO,APELLIDO_MATERNO,FECHA_NACIMIENTO,RFC) values (1463,'Manuel','Perez','Dorado',to_date('21-OCT-22','DD-MON-RR'),'PEDM1812197');
Insert into CLIENTE (ID_CLIENTE,NOMBRE,APELLIDO_PATERNO,APELLIDO_MATERNO,FECHA_NACIMIENTO,RFC) values (188,'Mario','Garcia','Luna',to_date('09-OCT-98','DD-MON-RR'),'GALM980610TN5');
Insert into CLIENTE (ID_CLIENTE,NOMBRE,APELLIDO_PATERNO,APELLIDO_MATERNO,FECHA_NACIMIENTO,RFC) values (143,'Osvaldo','Garcia','Garcia',to_date('31-OCT-22','DD-MON-RR'),'ABCD221024');
Insert into CLIENTE (ID_CLIENTE,NOMBRE,APELLIDO_PATERNO,APELLIDO_MATERNO,FECHA_NACIMIENTO,RFC) values (268,'Marco','Monarca','Leal',to_date('29-APR-90','DD-MON-RR'),'11AA22BB');
Insert into CLIENTE (ID_CLIENTE,NOMBRE,APELLIDO_PATERNO,APELLIDO_MATERNO,FECHA_NACIMIENTO,RFC) values (195,'Maria','Barrios','Becerra',to_date('27-OCT-02','DD-MON-RR'),'ULE');
Insert into CLIENTE (ID_CLIENTE,NOMBRE,APELLIDO_PATERNO,APELLIDO_MATERNO,FECHA_NACIMIENTO,RFC) values (205,'Jonathan','Rojas','Garcia',to_date('09-OCT-96','DD-MON-RR'),'ROGJ961010');
Insert into CLIENTE (ID_CLIENTE,NOMBRE,APELLIDO_PATERNO,APELLIDO_MATERNO,FECHA_NACIMIENTO,RFC) values (255,'Marcos Luevano ','Perez','Gomez',to_date('18-NOV-93','DD-MON-RR'),'gml931118hjkeee31');
Insert into CLIENTE (ID_CLIENTE,NOMBRE,APELLIDO_PATERNO,APELLIDO_MATERNO,FECHA_NACIMIENTO,RFC) values (257,'Jose','Gonzalez','Moreno',to_date('30-JUN-97','DD-MON-RR'),'DSE1280');
Insert into CLIENTE (ID_CLIENTE,NOMBRE,APELLIDO_PATERNO,APELLIDO_MATERNO,FECHA_NACIMIENTO,RFC) values (1545,'victor','acosta','hernan',to_date('31-DEC-21','DD-MON-RR'),'AOHVEJR');
Insert into CLIENTE (ID_CLIENTE,NOMBRE,APELLIDO_PATERNO,APELLIDO_MATERNO,FECHA_NACIMIENTO,RFC) values (302,'Jazminn','Romo','Miranda',to_date('24-OCT-97','DD-MON-RR'),'Romb9710');
Insert into CLIENTE (ID_CLIENTE,NOMBRE,APELLIDO_PATERNO,APELLIDO_MATERNO,FECHA_NACIMIENTO,RFC) values (269,'Julia','Baes','Pedroza',to_date('28-JUN-00','DD-MON-RR'),'JBP000628');
Insert into CLIENTE (ID_CLIENTE,NOMBRE,APELLIDO_PATERNO,APELLIDO_MATERNO,FECHA_NACIMIENTO,RFC) values (300,'Jazmin','Romo','Miranda',to_date('25-OCT-97','DD-MON-RR'),'Romb9710');
Insert into CLIENTE (ID_CLIENTE,NOMBRE,APELLIDO_PATERNO,APELLIDO_MATERNO,FECHA_NACIMIENTO,RFC) values (303,'GIOVANNY ANGEL','HERNANDEZ','ALEMAN',to_date('18-OCT-99','DD-MON-RR'),'HEAG9910185F12');
Insert into CLIENTE (ID_CLIENTE,NOMBRE,APELLIDO_PATERNO,APELLIDO_MATERNO,FECHA_NACIMIENTO,RFC) values (304,'GIOVANNY ANGEL','HERNANDEZ','ALEMAN',to_date('18-OCT-99','DD-MON-RR'),'HEAG9910185F12736');
Insert into CLIENTE (ID_CLIENTE,NOMBRE,APELLIDO_PATERNO,APELLIDO_MATERNO,FECHA_NACIMIENTO,RFC) values (253,'Marco','Monarca','Leal',to_date('29-APR-90','DD-MON-RR'),'11AA22BB');
Insert into CLIENTE (ID_CLIENTE,NOMBRE,APELLIDO_PATERNO,APELLIDO_MATERNO,FECHA_NACIMIENTO,RFC) values (128,'Cardi','Acosta','Hernandez',to_date('05-SEP-99','DD-MON-RR'),'AOHV990906K89');
Insert into CLIENTE (ID_CLIENTE,NOMBRE,APELLIDO_PATERNO,APELLIDO_MATERNO,FECHA_NACIMIENTO,RFC) values (28,'Giovanny','Hernandez','Aleman',to_date('24-OCT-22','DD-MON-RR'),'HEAG991018');
Insert into CLIENTE (ID_CLIENTE,NOMBRE,APELLIDO_PATERNO,APELLIDO_MATERNO,FECHA_NACIMIENTO,RFC) values (69,'Alan','Valenciano','Llamas',to_date('05-OCT-99','DD-MON-RR'),'VALA991005');
Insert into CLIENTE (ID_CLIENTE,NOMBRE,APELLIDO_PATERNO,APELLIDO_MATERNO,FECHA_NACIMIENTO,RFC) values (821,'Abraham','Ruedas','Martinez',to_date('21-OCT-22','DD-MON-RR'),'COLD211022');
Insert into CLIENTE (ID_CLIENTE,NOMBRE,APELLIDO_PATERNO,APELLIDO_MATERNO,FECHA_NACIMIENTO,RFC) values (265,'Mario','Garcia','Luna',to_date('09-OCT-98','DD-MON-RR'),'GALM980610TN6');
Insert into CLIENTE (ID_CLIENTE,NOMBRE,APELLIDO_PATERNO,APELLIDO_MATERNO,FECHA_NACIMIENTO,RFC) values (823,'Jorge','Perez','Castro',to_date('21-OCT-22','DD-MON-RR'),'COLD211022');
Insert into CLIENTE (ID_CLIENTE,NOMBRE,APELLIDO_PATERNO,APELLIDO_MATERNO,FECHA_NACIMIENTO,RFC) values (65,'Bryan','Garcia','Garcia',to_date('23-OCT-22','DD-MON-RR'),'GAGB221024LK');
Insert into CLIENTE (ID_CLIENTE,NOMBRE,APELLIDO_PATERNO,APELLIDO_MATERNO,FECHA_NACIMIENTO,RFC) values (824,'Maria','Lopez','Medina',to_date('21-OCT-22','DD-MON-RR'),'COLD211022');
Insert into CLIENTE (ID_CLIENTE,NOMBRE,APELLIDO_PATERNO,APELLIDO_MATERNO,FECHA_NACIMIENTO,RFC) values (825,'Carmen','Lopez','Medina',to_date('21-OCT-22','DD-MON-RR'),'COLD211022');
Insert into CLIENTE (ID_CLIENTE,NOMBRE,APELLIDO_PATERNO,APELLIDO_MATERNO,FECHA_NACIMIENTO,RFC) values (827,'Samuel','Correa','Dorado',to_date('24-OCT-22','DD-MON-RR'),'COSD241022');
Insert into CLIENTE (ID_CLIENTE,NOMBRE,APELLIDO_PATERNO,APELLIDO_MATERNO,FECHA_NACIMIENTO,RFC) values (267,'Mariooo','Garcia','Luna',to_date('09-OCT-98','DD-MON-RR'),'GALM980610TN7');
Insert into CLIENTE (ID_CLIENTE,NOMBRE,APELLIDO_PATERNO,APELLIDO_MATERNO,FECHA_NACIMIENTO,RFC) values (305,'ANDRES','FLORES','ALLENDE',to_date('24-OCT-22','DD-MON-RR'),'FOAJ990198908');
Insert into CLIENTE (ID_CLIENTE,NOMBRE,APELLIDO_PATERNO,APELLIDO_MATERNO,FECHA_NACIMIENTO,RFC) values (191,'Brian ','Guerra','G',to_date('28-JUL-96','DD-MON-RR'),'gugb5432gtrr66');
Insert into CLIENTE (ID_CLIENTE,NOMBRE,APELLIDO_PATERNO,APELLIDO_MATERNO,FECHA_NACIMIENTO,RFC) values (484,'Rhaenyra','Targaryen','Arryn',to_date('23-JUN-97','DD-MON-RR'),'RFIIJICIUI1DO');
Insert into CLIENTE (ID_CLIENTE,NOMBRE,APELLIDO_PATERNO,APELLIDO_MATERNO,FECHA_NACIMIENTO,RFC) values (262,'Jose Basilio','Romo','Aguilar',to_date('16-MAY-99','DD-MON-RR'),'ROAB16059905HA');
Insert into CLIENTE (ID_CLIENTE,NOMBRE,APELLIDO_PATERNO,APELLIDO_MATERNO,FECHA_NACIMIENTO,RFC) values (285,'Jonathan','Rojas','Garcia',to_date('09-OCT-96','DD-MON-RR'),'ROGJ961010');
Insert into CLIENTE (ID_CLIENTE,NOMBRE,APELLIDO_PATERNO,APELLIDO_MATERNO,FECHA_NACIMIENTO,RFC) values (289,'Brenda','Barrios','Becerra',to_date('28-OCT-02','DD-MON-RR'),'BrendaBB');
Insert into CLIENTE (ID_CLIENTE,NOMBRE,APELLIDO_PATERNO,APELLIDO_MATERNO,FECHA_NACIMIENTO,RFC) values (291,'Juan','Lozano','Rodriguez',to_date('01-NOV-22','DD-MON-RR'),'aaaa1111');
Insert into CLIENTE (ID_CLIENTE,NOMBRE,APELLIDO_PATERNO,APELLIDO_MATERNO,FECHA_NACIMIENTO,RFC) values (1611,'David','Flores','Allede',to_date('24-OCT-22','DD-MON-RR'),'FOAJ9901');
Insert into CLIENTE (ID_CLIENTE,NOMBRE,APELLIDO_PATERNO,APELLIDO_MATERNO,FECHA_NACIMIENTO,RFC) values (1610,'David','Flores','Allede',to_date('24-OCT-22','DD-MON-RR'),'FOAJ9901');
Insert into CLIENTE (ID_CLIENTE,NOMBRE,APELLIDO_PATERNO,APELLIDO_MATERNO,FECHA_NACIMIENTO,RFC) values (1612,'Alejandro','Flores','No',to_date('24-OCT-22','DD-MON-RR'),'FOAJ9901');
Insert into CLIENTE (ID_CLIENTE,NOMBRE,APELLIDO_PATERNO,APELLIDO_MATERNO,FECHA_NACIMIENTO,RFC) values (297,'Rafael','Rosas','Espino',to_date('27-OCT-02','DD-MON-RR'),'MOM9810152F8');
Insert into CLIENTE (ID_CLIENTE,NOMBRE,APELLIDO_PATERNO,APELLIDO_MATERNO,FECHA_NACIMIENTO,RFC) values (1681,'Christian','Herrera','Romo',to_date('05-JUN-00','DD-MON-RR'),'CHR456');
Insert into CLIENTE (ID_CLIENTE,NOMBRE,APELLIDO_PATERNO,APELLIDO_MATERNO,FECHA_NACIMIENTO,RFC) values (1729,'David','Ortega','Car',to_date('02-APR-22','DD-MON-RR'),'BESEDQ0');
Insert into CLIENTE (ID_CLIENTE,NOMBRE,APELLIDO_PATERNO,APELLIDO_MATERNO,FECHA_NACIMIENTO,RFC) values (1731,'David','Ortega','Car',to_date('02-APR-22','DD-MON-RR'),'BESEDQ0');
Insert into CLIENTE (ID_CLIENTE,NOMBRE,APELLIDO_PATERNO,APELLIDO_MATERNO,FECHA_NACIMIENTO,RFC) values (1761,'Sr Charles','Laffyte','Allende',to_date('30-OCT-22','DD-MON-RR'),'DDDD221024');
Insert into CLIENTE (ID_CLIENTE,NOMBRE,APELLIDO_PATERNO,APELLIDO_MATERNO,FECHA_NACIMIENTO,RFC) values (342,'Elizabeth','Picasso','Dueñas',to_date('23-APR-98','DD-MON-RR'),'DPDPEPDOK4');
Insert into CLIENTE (ID_CLIENTE,NOMBRE,APELLIDO_PATERNO,APELLIDO_MATERNO,FECHA_NACIMIENTO,RFC) values (1561,'Samuel','Laffyte','Velasco',to_date('30-OCT-22','DD-MON-RR'),'DDDD221024');
Insert into CLIENTE (ID_CLIENTE,NOMBRE,APELLIDO_PATERNO,APELLIDO_MATERNO,FECHA_NACIMIENTO,RFC) values (229,'Diego Ulisses','Barrios','Becerra',to_date('24-OCT-22','DD-MON-RR'),'GALM0006TNSA22');
Insert into CLIENTE (ID_CLIENTE,NOMBRE,APELLIDO_PATERNO,APELLIDO_MATERNO,FECHA_NACIMIENTO,RFC) values (232,'DIEGO ULISSES','BARRIOS','BECERRA',to_date('24-OCT-22','DD-MON-RR'),'GALM0006TNSB');
Insert into CLIENTE (ID_CLIENTE,NOMBRE,APELLIDO_PATERNO,APELLIDO_MATERNO,FECHA_NACIMIENTO,RFC) values (308,'Aarono','Lozano','Rodriguez',to_date('24-DEC-22','DD-MON-RR'),'aaaa1111');
Insert into CLIENTE (ID_CLIENTE,NOMBRE,APELLIDO_PATERNO,APELLIDO_MATERNO,FECHA_NACIMIENTO,RFC) values (186,'Brian Martin','Guerra','Garcia',to_date('29-JUL-96','DD-MON-RR'),'gugb5432gtrr07');
Insert into CLIENTE (ID_CLIENTE,NOMBRE,APELLIDO_PATERNO,APELLIDO_MATERNO,FECHA_NACIMIENTO,RFC) values (1184,'Andres','Acosta','Gomez',to_date('26-JUN-88','DD-MON-RR'),'012EEW557');
Insert into CLIENTE (ID_CLIENTE,NOMBRE,APELLIDO_PATERNO,APELLIDO_MATERNO,FECHA_NACIMIENTO,RFC) values (1723,'Yessica Yoselin','Benitez','Solis',to_date('23-JUN-22','DD-MON-RR'),'BESYDQ0');
Insert into CLIENTE (ID_CLIENTE,NOMBRE,APELLIDO_PATERNO,APELLIDO_MATERNO,FECHA_NACIMIENTO,RFC) values (1422,'JCarlos','Flores','Allede',to_date('24-OCT-22','DD-MON-RR'),'FOAJ9901');
Insert into CLIENTE (ID_CLIENTE,NOMBRE,APELLIDO_PATERNO,APELLIDO_MATERNO,FECHA_NACIMIENTO,RFC) values (1564,'Samuel','Laffyte','Velasco',to_date('30-OCT-22','DD-MON-RR'),'DDDD221024');
Insert into CLIENTE (ID_CLIENTE,NOMBRE,APELLIDO_PATERNO,APELLIDO_MATERNO,FECHA_NACIMIENTO,RFC) values (222,'pruebaInsertar2 ','Insertar','G',to_date('24-OCT-22','DD-MON-RR'),'gugb5432gtrr66');
Insert into CLIENTE (ID_CLIENTE,NOMBRE,APELLIDO_PATERNO,APELLIDO_MATERNO,FECHA_NACIMIENTO,RFC) values (227,'Pedro Alfonso','De Santiago','Lupercio',to_date('16-NOV-99','DD-MON-RR'),'SALP991116FN2');
Insert into CLIENTE (ID_CLIENTE,NOMBRE,APELLIDO_PATERNO,APELLIDO_MATERNO,FECHA_NACIMIENTO,RFC) values (231,'DIEGO ULISSES','BARRIOS','BECERRA',to_date('24-OCT-22','DD-MON-RR'),'GALM0006TNSA');
Insert into CLIENTE (ID_CLIENTE,NOMBRE,APELLIDO_PATERNO,APELLIDO_MATERNO,FECHA_NACIMIENTO,RFC) values (1542,'Samuel','Laffyte','Velasco',to_date('30-OCT-22','DD-MON-RR'),'DDDD221024');
Insert into CLIENTE (ID_CLIENTE,NOMBRE,APELLIDO_PATERNO,APELLIDO_MATERNO,FECHA_NACIMIENTO,RFC) values (1563,'Samuel','Laffyte','Velasco',to_date('30-OCT-22','DD-MON-RR'),'DDDD221024');
Insert into CLIENTE (ID_CLIENTE,NOMBRE,APELLIDO_PATERNO,APELLIDO_MATERNO,FECHA_NACIMIENTO,RFC) values (273,'Marco','Monarca','Leal',to_date('29-APR-90','DD-MON-RR'),'11AA22BB');
Insert into CLIENTE (ID_CLIENTE,NOMBRE,APELLIDO_PATERNO,APELLIDO_MATERNO,FECHA_NACIMIENTO,RFC) values (274,'Marco','Monarca','Leal',to_date('29-APR-90','DD-MON-RR'),'11AA22BB');
Insert into CLIENTE (ID_CLIENTE,NOMBRE,APELLIDO_PATERNO,APELLIDO_MATERNO,FECHA_NACIMIENTO,RFC) values (276,'Pamela','Quintana','Moreno',to_date('09-MAR-15','DD-MON-RR'),'ABB2255');
Insert into CLIENTE (ID_CLIENTE,NOMBRE,APELLIDO_PATERNO,APELLIDO_MATERNO,FECHA_NACIMIENTO,RFC) values (278,'Rolando ','Gimenez','Gomez',to_date('18-APR-96','DD-MON-RR'),'GRG960418JKL12');
Insert into CLIENTE (ID_CLIENTE,NOMBRE,APELLIDO_PATERNO,APELLIDO_MATERNO,FECHA_NACIMIENTO,RFC) values (306,'Julia','Pedroza','Baes',to_date('04-MAR-22','DD-MON-RR'),'BAPEJULI');
Insert into CLIENTE (ID_CLIENTE,NOMBRE,APELLIDO_PATERNO,APELLIDO_MATERNO,FECHA_NACIMIENTO,RFC) values (281,'Rolando ','Gimenez','Gomez',to_date('18-APR-96','DD-MON-RR'),'GRG960418JKL4r2');
Insert into CLIENTE (ID_CLIENTE,NOMBRE,APELLIDO_PATERNO,APELLIDO_MATERNO,FECHA_NACIMIENTO,RFC) values (307,'PRUEBA ANGULAR','ANGULAR','PRUEBA',to_date('24-OCT-99','DD-MON-RR'),'AAP10185434');
Insert into CLIENTE (ID_CLIENTE,NOMBRE,APELLIDO_PATERNO,APELLIDO_MATERNO,FECHA_NACIMIENTO,RFC) values (284,'Rolando ','Gimenez','Gomez',to_date('18-APR-96','DD-MON-RR'),'GRhhh60418JKL444r2');
Insert into CLIENTE (ID_CLIENTE,NOMBRE,APELLIDO_PATERNO,APELLIDO_MATERNO,FECHA_NACIMIENTO,RFC) values (713,'Jon','Stark','Targaryen',to_date('23-JUN-98','DD-MON-RR'),'012DIJEIEEDE');
Insert into CLIENTE (ID_CLIENTE,NOMBRE,APELLIDO_PATERNO,APELLIDO_MATERNO,FECHA_NACIMIENTO,RFC) values (1742,'CHRISTIAN','HERRERA','ROMO',to_date('10-OCT-99','DD-MON-RR'),'CH23434');
REM INSERTING into COMPRAS
SET DEFINE OFF;
Insert into COMPRAS (ID_COMPRA,FECHA_COMPRA,DESCRIPCION,FK_ID_CLIENTE,TOTAL,FK_ID_DIRECCION) values (728,to_timestamp('24-OCT-22 12.00.00.000000000 AM','DD-MON-RR HH.MI.SSXFF AM'),'descripcion9',1463,0,1464);
Insert into COMPRAS (ID_COMPRA,FECHA_COMPRA,DESCRIPCION,FK_ID_CLIENTE,TOTAL,FK_ID_DIRECCION) values (729,to_timestamp('24-OCT-22 12.00.00.000000000 AM','DD-MON-RR HH.MI.SSXFF AM'),'descripcion9',1463,0,1464);
Insert into COMPRAS (ID_COMPRA,FECHA_COMPRA,DESCRIPCION,FK_ID_CLIENTE,TOTAL,FK_ID_DIRECCION) values (730,to_timestamp('24-OCT-22 12.00.00.000000000 AM','DD-MON-RR HH.MI.SSXFF AM'),'descripcion9',1463,0,1464);
Insert into COMPRAS (ID_COMPRA,FECHA_COMPRA,DESCRIPCION,FK_ID_CLIENTE,TOTAL,FK_ID_DIRECCION) values (315,to_timestamp('29-NOV-22 02.31.14.264000000 PM','DD-MON-RR HH.MI.SSXFF AM'),'Compra de Karla 2',306,8997,132);
Insert into COMPRAS (ID_COMPRA,FECHA_COMPRA,DESCRIPCION,FK_ID_CLIENTE,TOTAL,FK_ID_DIRECCION) values (305,to_timestamp('17-JAN-23 12.34.25.596685000 PM','DD-MON-RR HH.MI.SSXFF AM'),'h',69,2400,1145);
Insert into COMPRAS (ID_COMPRA,FECHA_COMPRA,DESCRIPCION,FK_ID_CLIENTE,TOTAL,FK_ID_DIRECCION) values (731,to_timestamp('24-OCT-22 12.00.00.000000000 AM','DD-MON-RR HH.MI.SSXFF AM'),'descripcion9',1463,0,1464);
Insert into COMPRAS (ID_COMPRA,FECHA_COMPRA,DESCRIPCION,FK_ID_CLIENTE,TOTAL,FK_ID_DIRECCION) values (733,to_timestamp('24-OCT-22 12.00.00.000000000 AM','DD-MON-RR HH.MI.SSXFF AM'),'descripcion9',1463,0,1464);
Insert into COMPRAS (ID_COMPRA,FECHA_COMPRA,DESCRIPCION,FK_ID_CLIENTE,TOTAL,FK_ID_DIRECCION) values (734,to_timestamp('24-OCT-22 12.00.00.000000000 AM','DD-MON-RR HH.MI.SSXFF AM'),'descripcion4',1463,55000,1464);
Insert into COMPRAS (ID_COMPRA,FECHA_COMPRA,DESCRIPCION,FK_ID_CLIENTE,TOTAL,FK_ID_DIRECCION) values (736,to_timestamp('24-OCT-22 12.00.00.000000000 AM','DD-MON-RR HH.MI.SSXFF AM'),'descripcion9',1463,0,1464);
Insert into COMPRAS (ID_COMPRA,FECHA_COMPRA,DESCRIPCION,FK_ID_CLIENTE,TOTAL,FK_ID_DIRECCION) values (737,to_timestamp('24-OCT-22 12.00.00.000000000 AM','DD-MON-RR HH.MI.SSXFF AM'),'descripcion9',1463,0,1464);
Insert into COMPRAS (ID_COMPRA,FECHA_COMPRA,DESCRIPCION,FK_ID_CLIENTE,TOTAL,FK_ID_DIRECCION) values (738,to_timestamp('24-OCT-22 12.00.00.000000000 AM','DD-MON-RR HH.MI.SSXFF AM'),'descripcion9',1463,0,1464);
Insert into COMPRAS (ID_COMPRA,FECHA_COMPRA,DESCRIPCION,FK_ID_CLIENTE,TOTAL,FK_ID_DIRECCION) values (740,to_timestamp('24-OCT-22 12.00.00.000000000 AM','DD-MON-RR HH.MI.SSXFF AM'),'descripcion4',1643,55000,1645);
Insert into COMPRAS (ID_COMPRA,FECHA_COMPRA,DESCRIPCION,FK_ID_CLIENTE,TOTAL,FK_ID_DIRECCION) values (743,to_timestamp('24-OCT-22 12.00.00.000000000 AM','DD-MON-RR HH.MI.SSXFF AM'),'descripcion9',1463,0,1464);
Insert into COMPRAS (ID_COMPRA,FECHA_COMPRA,DESCRIPCION,FK_ID_CLIENTE,TOTAL,FK_ID_DIRECCION) values (744,to_timestamp('24-OCT-22 12.00.00.000000000 AM','DD-MON-RR HH.MI.SSXFF AM'),'descripcion9',1463,0,1464);
Insert into COMPRAS (ID_COMPRA,FECHA_COMPRA,DESCRIPCION,FK_ID_CLIENTE,TOTAL,FK_ID_DIRECCION) values (745,to_timestamp('24-OCT-22 12.00.00.000000000 AM','DD-MON-RR HH.MI.SSXFF AM'),'descripcion9',1463,200,1464);
Insert into COMPRAS (ID_COMPRA,FECHA_COMPRA,DESCRIPCION,FK_ID_CLIENTE,TOTAL,FK_ID_DIRECCION) values (258,to_timestamp('11-NOV-22 03.00.16.732000000 AM','DD-MON-RR HH.MI.SSXFF AM'),'compra de productos generales',173,1035.68,33);
Insert into COMPRAS (ID_COMPRA,FECHA_COMPRA,DESCRIPCION,FK_ID_CLIENTE,TOTAL,FK_ID_DIRECCION) values (602,to_timestamp('24-OCT-22 12.00.00.000000000 AM','DD-MON-RR HH.MI.SSXFF AM'),'descripcion4',1463,300,1464);
Insert into COMPRAS (ID_COMPRA,FECHA_COMPRA,DESCRIPCION,FK_ID_CLIENTE,TOTAL,FK_ID_DIRECCION) values (724,to_timestamp('24-OCT-22 12.00.00.000000000 AM','DD-MON-RR HH.MI.SSXFF AM'),'descripcion9',1463,0,1464);
Insert into COMPRAS (ID_COMPRA,FECHA_COMPRA,DESCRIPCION,FK_ID_CLIENTE,TOTAL,FK_ID_DIRECCION) values (1734,to_timestamp('28-NOV-22 03.26.38.255000000 PM','DD-MON-RR HH.MI.SSXFF AM'),'BOCINA ALIEN',1731,22845.44,1733);
Insert into COMPRAS (ID_COMPRA,FECHA_COMPRA,DESCRIPCION,FK_ID_CLIENTE,TOTAL,FK_ID_DIRECCION) values (1781,to_timestamp('24-OCT-22 12.00.00.000000000 AM','DD-MON-RR HH.MI.SSXFF AM'),'descripcion6756',1463,454353,null);
Insert into COMPRAS (ID_COMPRA,FECHA_COMPRA,DESCRIPCION,FK_ID_CLIENTE,TOTAL,FK_ID_DIRECCION) values (242,to_timestamp('10-NOV-22 03.33.24.173000000 PM','DD-MON-RR HH.MI.SSXFF AM'),'Quinta Compra',65,75995,95);
Insert into COMPRAS (ID_COMPRA,FECHA_COMPRA,DESCRIPCION,FK_ID_CLIENTE,TOTAL,FK_ID_DIRECCION) values (312,to_timestamp('24-NOV-22 02.39.57.571000000 PM','DD-MON-RR HH.MI.SSXFF AM'),'Segunda Compra',227,28058.4,64);
Insert into COMPRAS (ID_COMPRA,FECHA_COMPRA,DESCRIPCION,FK_ID_CLIENTE,TOTAL,FK_ID_DIRECCION) values (259,to_timestamp('11-NOV-22 03.57.35.357000000 AM','DD-MON-RR HH.MI.SSXFF AM'),'Compra de articulos varios',252,0,96);
Insert into COMPRAS (ID_COMPRA,FECHA_COMPRA,DESCRIPCION,FK_ID_CLIENTE,TOTAL,FK_ID_DIRECCION) values (702,to_timestamp('24-OCT-22 12.00.00.000000000 AM','DD-MON-RR HH.MI.SSXFF AM'),'descripcion4',1463,220000,1464);
Insert into COMPRAS (ID_COMPRA,FECHA_COMPRA,DESCRIPCION,FK_ID_CLIENTE,TOTAL,FK_ID_DIRECCION) values (277,to_timestamp('11-NOV-22 02.42.12.546000000 PM','DD-MON-RR HH.MI.SSXFF AM'),'Compra realizada por los siguientes articulos: [110]',291,9484,114);
Insert into COMPRAS (ID_COMPRA,FECHA_COMPRA,DESCRIPCION,FK_ID_CLIENTE,TOTAL,FK_ID_DIRECCION) values (1145,to_timestamp('07-NOV-22 09.16.48.322466000 PM','DD-MON-RR HH.MI.SSXFF AM'),'prueba 1145',69,1200,1145);
Insert into COMPRAS (ID_COMPRA,FECHA_COMPRA,DESCRIPCION,FK_ID_CLIENTE,TOTAL,FK_ID_DIRECCION) values (295,to_timestamp('07-NOV-22 09.16.48.322000000 PM','DD-MON-RR HH.MI.SSXFF AM'),'prueba 1145',69,1200,1145);
Insert into COMPRAS (ID_COMPRA,FECHA_COMPRA,DESCRIPCION,FK_ID_CLIENTE,TOTAL,FK_ID_DIRECCION) values (301,to_timestamp('17-NOV-22 11.52.34.417000000 AM','DD-MON-RR HH.MI.SSXFF AM'),'Compras Casa',284,3400,105);
Insert into COMPRAS (ID_COMPRA,FECHA_COMPRA,DESCRIPCION,FK_ID_CLIENTE,TOTAL,FK_ID_DIRECCION) values (739,to_timestamp('24-OCT-22 12.00.00.000000000 AM','DD-MON-RR HH.MI.SSXFF AM'),'descripcion9',1463,0,1464);
Insert into COMPRAS (ID_COMPRA,FECHA_COMPRA,DESCRIPCION,FK_ID_CLIENTE,TOTAL,FK_ID_DIRECCION) values (316,to_timestamp('10-JAN-23 12.27.15.908000000 PM','DD-MON-RR HH.MI.SSXFF AM'),'Compra realizada por los siguientes articulos: [117, 118]',308,18968,135);
Insert into COMPRAS (ID_COMPRA,FECHA_COMPRA,DESCRIPCION,FK_ID_CLIENTE,TOTAL,FK_ID_DIRECCION) values (313,to_timestamp('25-NOV-22 01.28.51.635000000 PM','DD-MON-RR HH.MI.SSXFF AM'),'jjshdjs',293,12500.2,62);
Insert into COMPRAS (ID_COMPRA,FECHA_COMPRA,DESCRIPCION,FK_ID_CLIENTE,TOTAL,FK_ID_DIRECCION) values (1725,to_timestamp('01-NOV-22 03.26.38.255000000 PM','DD-MON-RR HH.MI.SSXFF AM'),'Pantalla HD',1723,22845.44,1724);
Insert into COMPRAS (ID_COMPRA,FECHA_COMPRA,DESCRIPCION,FK_ID_CLIENTE,TOTAL,FK_ID_DIRECCION) values (267,to_timestamp('11-NOV-22 09.24.57.857000000 AM','DD-MON-RR HH.MI.SSXFF AM'),'Compra de articulos',276,0,96);
Insert into COMPRAS (ID_COMPRA,FECHA_COMPRA,DESCRIPCION,FK_ID_CLIENTE,TOTAL,FK_ID_DIRECCION) values (271,to_timestamp('11-NOV-22 12.45.16.086000000 PM','DD-MON-RR HH.MI.SSXFF AM'),'Compras Casa',284,3400,105);
Insert into COMPRAS (ID_COMPRA,FECHA_COMPRA,DESCRIPCION,FK_ID_CLIENTE,TOTAL,FK_ID_DIRECCION) values (723,to_timestamp('24-OCT-22 12.00.00.000000000 AM','DD-MON-RR HH.MI.SSXFF AM'),'descripcion9',1463,0,1464);
Insert into COMPRAS (ID_COMPRA,FECHA_COMPRA,DESCRIPCION,FK_ID_CLIENTE,TOTAL,FK_ID_DIRECCION) values (721,to_timestamp('24-OCT-22 12.00.00.000000000 AM','DD-MON-RR HH.MI.SSXFF AM'),'descripcion7',1463,0,1464);
Insert into COMPRAS (ID_COMPRA,FECHA_COMPRA,DESCRIPCION,FK_ID_CLIENTE,TOTAL,FK_ID_DIRECCION) values (722,to_timestamp('24-OCT-22 12.00.00.000000000 AM','DD-MON-RR HH.MI.SSXFF AM'),'descripcion9',1463,0,1464);
Insert into COMPRAS (ID_COMPRA,FECHA_COMPRA,DESCRIPCION,FK_ID_CLIENTE,TOTAL,FK_ID_DIRECCION) values (725,to_timestamp('24-OCT-22 12.00.00.000000000 AM','DD-MON-RR HH.MI.SSXFF AM'),'descripcion9',1463,0,1464);
Insert into COMPRAS (ID_COMPRA,FECHA_COMPRA,DESCRIPCION,FK_ID_CLIENTE,TOTAL,FK_ID_DIRECCION) values (726,to_timestamp('24-OCT-22 12.00.00.000000000 AM','DD-MON-RR HH.MI.SSXFF AM'),'descripcion9',1463,0,1464);
Insert into COMPRAS (ID_COMPRA,FECHA_COMPRA,DESCRIPCION,FK_ID_CLIENTE,TOTAL,FK_ID_DIRECCION) values (292,to_timestamp('16-NOV-22 06.40.09.281045000 PM','DD-MON-RR HH.MI.SSXFF AM'),'PruebaStrat',262,999,124);
Insert into COMPRAS (ID_COMPRA,FECHA_COMPRA,DESCRIPCION,FK_ID_CLIENTE,TOTAL,FK_ID_DIRECCION) values (294,to_timestamp('17-NOV-22 11.34.20.547000000 AM','DD-MON-RR HH.MI.SSXFF AM'),'Compras Casa',284,3400,105);
Insert into COMPRAS (ID_COMPRA,FECHA_COMPRA,DESCRIPCION,FK_ID_CLIENTE,TOTAL,FK_ID_DIRECCION) values (296,to_timestamp('17-NOV-22 11.40.48.093000000 AM','DD-MON-RR HH.MI.SSXFF AM'),'Compras Casa',284,3400,105);
Insert into COMPRAS (ID_COMPRA,FECHA_COMPRA,DESCRIPCION,FK_ID_CLIENTE,TOTAL,FK_ID_DIRECCION) values (297,to_timestamp('17-NOV-22 11.42.57.382000000 AM','DD-MON-RR HH.MI.SSXFF AM'),'Compras Casa',284,3400,105);
Insert into COMPRAS (ID_COMPRA,FECHA_COMPRA,DESCRIPCION,FK_ID_CLIENTE,TOTAL,FK_ID_DIRECCION) values (298,to_timestamp('17-NOV-22 11.46.25.402000000 AM','DD-MON-RR HH.MI.SSXFF AM'),'Compras Casa',284,3400,105);
Insert into COMPRAS (ID_COMPRA,FECHA_COMPRA,DESCRIPCION,FK_ID_CLIENTE,TOTAL,FK_ID_DIRECCION) values (299,to_timestamp('07-NOV-22 09.16.48.322000000 PM','DD-MON-RR HH.MI.SSXFF AM'),'prueba 1145',69,1200,1145);
Insert into COMPRAS (ID_COMPRA,FECHA_COMPRA,DESCRIPCION,FK_ID_CLIENTE,TOTAL,FK_ID_DIRECCION) values (300,to_timestamp('07-NOV-22 09.16.48.322000000 PM','DD-MON-RR HH.MI.SSXFF AM'),'prueba 1145',69,2400,1145);
Insert into COMPRAS (ID_COMPRA,FECHA_COMPRA,DESCRIPCION,FK_ID_CLIENTE,TOTAL,FK_ID_DIRECCION) values (302,to_timestamp('07-NOV-22 09.16.48.322000000 PM','DD-MON-RR HH.MI.SSXFF AM'),'prueba 1145',69,2400,1145);
Insert into COMPRAS (ID_COMPRA,FECHA_COMPRA,DESCRIPCION,FK_ID_CLIENTE,TOTAL,FK_ID_DIRECCION) values (304,to_timestamp('07-NOV-22 09.16.48.322000000 PM','DD-MON-RR HH.MI.SSXFF AM'),'prueba 1145',69,2400,1145);
REM INSERTING into COMPRAS_PRODUCTOS
SET DEFINE OFF;
Insert into COMPRAS_PRODUCTOS (ID_COMPRAS_PRODUCTOS,NUMERO_ARTICULOS,FK_ID_PRODUCTO,FK_ID_COMPRA,PRECIO) values (440,3,101,315,8997);
Insert into COMPRAS_PRODUCTOS (ID_COMPRAS_PRODUCTOS,NUMERO_ARTICULOS,FK_ID_PRODUCTO,FK_ID_COMPRA,PRECIO) values (735,1,107,734,55000);
Insert into COMPRAS_PRODUCTOS (ID_COMPRAS_PRODUCTOS,NUMERO_ARTICULOS,FK_ID_PRODUCTO,FK_ID_COMPRA,PRECIO) values (747,1,64,745,100);
Insert into COMPRAS_PRODUCTOS (ID_COMPRAS_PRODUCTOS,NUMERO_ARTICULOS,FK_ID_PRODUCTO,FK_ID_COMPRA,PRECIO) values (742,1,107,740,55000);
Insert into COMPRAS_PRODUCTOS (ID_COMPRAS_PRODUCTOS,NUMERO_ARTICULOS,FK_ID_PRODUCTO,FK_ID_COMPRA,PRECIO) values (746,1,63,745,100);
Insert into COMPRAS_PRODUCTOS (ID_COMPRAS_PRODUCTOS,NUMERO_ARTICULOS,FK_ID_PRODUCTO,FK_ID_COMPRA,PRECIO) values (389,32,2,728,45);
Insert into COMPRAS_PRODUCTOS (ID_COMPRAS_PRODUCTOS,NUMERO_ARTICULOS,FK_ID_PRODUCTO,FK_ID_COMPRA,PRECIO) values (422,1,107,734,55000);
Insert into COMPRAS_PRODUCTOS (ID_COMPRAS_PRODUCTOS,NUMERO_ARTICULOS,FK_ID_PRODUCTO,FK_ID_COMPRA,PRECIO) values (423,1,107,734,55000);
Insert into COMPRAS_PRODUCTOS (ID_COMPRAS_PRODUCTOS,NUMERO_ARTICULOS,FK_ID_PRODUCTO,FK_ID_COMPRA,PRECIO) values (604,3,47,602,300);
Insert into COMPRAS_PRODUCTOS (ID_COMPRAS_PRODUCTOS,NUMERO_ARTICULOS,FK_ID_PRODUCTO,FK_ID_COMPRA,PRECIO) values (421,1,107,734,55000);
Insert into COMPRAS_PRODUCTOS (ID_COMPRAS_PRODUCTOS,NUMERO_ARTICULOS,FK_ID_PRODUCTO,FK_ID_COMPRA,PRECIO) values (375,3,34,258,345.24);
Insert into COMPRAS_PRODUCTOS (ID_COMPRAS_PRODUCTOS,NUMERO_ARTICULOS,FK_ID_PRODUCTO,FK_ID_COMPRA,PRECIO) values (390,32,2,702,45);
Insert into COMPRAS_PRODUCTOS (ID_COMPRAS_PRODUCTOS,NUMERO_ARTICULOS,FK_ID_PRODUCTO,FK_ID_COMPRA,PRECIO) values (364,2,37,242,3000);
Insert into COMPRAS_PRODUCTOS (ID_COMPRAS_PRODUCTOS,NUMERO_ARTICULOS,FK_ID_PRODUCTO,FK_ID_COMPRA,PRECIO) values (362,5,46,242,52995);
Insert into COMPRAS_PRODUCTOS (ID_COMPRAS_PRODUCTOS,NUMERO_ARTICULOS,FK_ID_PRODUCTO,FK_ID_COMPRA,PRECIO) values (363,4,57,242,20000);
Insert into COMPRAS_PRODUCTOS (ID_COMPRAS_PRODUCTOS,NUMERO_ARTICULOS,FK_ID_PRODUCTO,FK_ID_COMPRA,PRECIO) values (435,2,1024,312,1058);
Insert into COMPRAS_PRODUCTOS (ID_COMPRAS_PRODUCTOS,NUMERO_ARTICULOS,FK_ID_PRODUCTO,FK_ID_COMPRA,PRECIO) values (436,2,95,312,25000.4);
Insert into COMPRAS_PRODUCTOS (ID_COMPRAS_PRODUCTOS,NUMERO_ARTICULOS,FK_ID_PRODUCTO,FK_ID_COMPRA,PRECIO) values (437,2,14,312,2000);
Insert into COMPRAS_PRODUCTOS (ID_COMPRAS_PRODUCTOS,NUMERO_ARTICULOS,FK_ID_PRODUCTO,FK_ID_COMPRA,PRECIO) values (1735,1,1,1734,10000);
Insert into COMPRAS_PRODUCTOS (ID_COMPRAS_PRODUCTOS,NUMERO_ARTICULOS,FK_ID_PRODUCTO,FK_ID_COMPRA,PRECIO) values (703,1,106,702,55000);
Insert into COMPRAS_PRODUCTOS (ID_COMPRAS_PRODUCTOS,NUMERO_ARTICULOS,FK_ID_PRODUCTO,FK_ID_COMPRA,PRECIO) values (704,1,107,702,55000);
Insert into COMPRAS_PRODUCTOS (ID_COMPRAS_PRODUCTOS,NUMERO_ARTICULOS,FK_ID_PRODUCTO,FK_ID_COMPRA,PRECIO) values (1736,1,34,1734,345.24);
Insert into COMPRAS_PRODUCTOS (ID_COMPRAS_PRODUCTOS,NUMERO_ARTICULOS,FK_ID_PRODUCTO,FK_ID_COMPRA,PRECIO) values (387,1,110,277,9484);
Insert into COMPRAS_PRODUCTOS (ID_COMPRAS_PRODUCTOS,NUMERO_ARTICULOS,FK_ID_PRODUCTO,FK_ID_COMPRA,PRECIO) values (1737,1,32,1734,12500.2);
Insert into COMPRAS_PRODUCTOS (ID_COMPRAS_PRODUCTOS,NUMERO_ARTICULOS,FK_ID_PRODUCTO,FK_ID_COMPRA,PRECIO) values (426,50,107,300,55000);
Insert into COMPRAS_PRODUCTOS (ID_COMPRAS_PRODUCTOS,NUMERO_ARTICULOS,FK_ID_PRODUCTO,FK_ID_COMPRA,PRECIO) values (388,32,2,728,45);
Insert into COMPRAS_PRODUCTOS (ID_COMPRAS_PRODUCTOS,NUMERO_ARTICULOS,FK_ID_PRODUCTO,FK_ID_COMPRA,PRECIO) values (1145,1,14,1145,1200);
Insert into COMPRAS_PRODUCTOS (ID_COMPRAS_PRODUCTOS,NUMERO_ARTICULOS,FK_ID_PRODUCTO,FK_ID_COMPRA,PRECIO) values (411,1,14,1145,1200);
Insert into COMPRAS_PRODUCTOS (ID_COMPRAS_PRODUCTOS,NUMERO_ARTICULOS,FK_ID_PRODUCTO,FK_ID_COMPRA,PRECIO) values (417,2,57,301,10000);
Insert into COMPRAS_PRODUCTOS (ID_COMPRAS_PRODUCTOS,NUMERO_ARTICULOS,FK_ID_PRODUCTO,FK_ID_COMPRA,PRECIO) values (438,1,95,313,12500.2);
Insert into COMPRAS_PRODUCTOS (ID_COMPRAS_PRODUCTOS,NUMERO_ARTICULOS,FK_ID_PRODUCTO,FK_ID_COMPRA,PRECIO) values (1726,1,1,1725,10000);
Insert into COMPRAS_PRODUCTOS (ID_COMPRAS_PRODUCTOS,NUMERO_ARTICULOS,FK_ID_PRODUCTO,FK_ID_COMPRA,PRECIO) values (1727,1,34,1725,345.24);
Insert into COMPRAS_PRODUCTOS (ID_COMPRAS_PRODUCTOS,NUMERO_ARTICULOS,FK_ID_PRODUCTO,FK_ID_COMPRA,PRECIO) values (1728,1,32,1725,12500.2);
Insert into COMPRAS_PRODUCTOS (ID_COMPRAS_PRODUCTOS,NUMERO_ARTICULOS,FK_ID_PRODUCTO,FK_ID_COMPRA,PRECIO) values (441,2,117,316,18968);
Insert into COMPRAS_PRODUCTOS (ID_COMPRAS_PRODUCTOS,NUMERO_ARTICULOS,FK_ID_PRODUCTO,FK_ID_COMPRA,PRECIO) values (269,1,201,267,10599);
Insert into COMPRAS_PRODUCTOS (ID_COMPRAS_PRODUCTOS,NUMERO_ARTICULOS,FK_ID_PRODUCTO,FK_ID_COMPRA,PRECIO) values (727,1,107,702,55000);
Insert into COMPRAS_PRODUCTOS (ID_COMPRAS_PRODUCTOS,NUMERO_ARTICULOS,FK_ID_PRODUCTO,FK_ID_COMPRA,PRECIO) values (410,2,57,294,3000);
Insert into COMPRAS_PRODUCTOS (ID_COMPRAS_PRODUCTOS,NUMERO_ARTICULOS,FK_ID_PRODUCTO,FK_ID_COMPRA,PRECIO) values (415,1,14,1145,1000);
Insert into COMPRAS_PRODUCTOS (ID_COMPRAS_PRODUCTOS,NUMERO_ARTICULOS,FK_ID_PRODUCTO,FK_ID_COMPRA,PRECIO) values (416,1,14,1145,1000);
Insert into COMPRAS_PRODUCTOS (ID_COMPRAS_PRODUCTOS,NUMERO_ARTICULOS,FK_ID_PRODUCTO,FK_ID_COMPRA,PRECIO) values (418,1,14,1145,1000);
Insert into COMPRAS_PRODUCTOS (ID_COMPRAS_PRODUCTOS,NUMERO_ARTICULOS,FK_ID_PRODUCTO,FK_ID_COMPRA,PRECIO) values (420,1,14,1145,1000);
REM INSERTING into DOMICILIO
SET DEFINE OFF;
Insert into DOMICILIO (ID_DIRECCION,CALLE,NUMERO_INTERIOR,NUMERO_EXTERIOR,COLONIA,CODIGO_POSTAL,FK_ID_CLIENTE) values (88,'colunsasa','3123','4123','seibasadsa','12124657',226);
Insert into DOMICILIO (ID_DIRECCION,CALLE,NUMERO_INTERIOR,NUMERO_EXTERIOR,COLONIA,CODIGO_POSTAL,FK_ID_CLIENTE) values (119,'Ignacio Zaragoza','23','101','Barrio de abajo','20330',293);
Insert into DOMICILIO (ID_DIRECCION,CALLE,NUMERO_INTERIOR,NUMERO_EXTERIOR,COLONIA,CODIGO_POSTAL,FK_ID_CLIENTE) values (1645,'Calle15','14','13','Urbana','99845',1643);
Insert into DOMICILIO (ID_DIRECCION,CALLE,NUMERO_INTERIOR,NUMERO_EXTERIOR,COLONIA,CODIGO_POSTAL,FK_ID_CLIENTE) values (1464,'Calle13','13','13','Urbana','99845',1463);
Insert into DOMICILIO (ID_DIRECCION,CALLE,NUMERO_INTERIOR,NUMERO_EXTERIOR,COLONIA,CODIGO_POSTAL,FK_ID_CLIENTE) values (89,'Marlino','15','44','Lomas del Arcos','2512',255);
Insert into DOMICILIO (ID_DIRECCION,CALLE,NUMERO_INTERIOR,NUMERO_EXTERIOR,COLONIA,CODIGO_POSTAL,FK_ID_CLIENTE) values (1423,'Circuito Gobernadores','10','72','Pachuca','42032',226);
Insert into DOMICILIO (ID_DIRECCION,CALLE,NUMERO_INTERIOR,NUMERO_EXTERIOR,COLONIA,CODIGO_POSTAL,FK_ID_CLIENTE) values (96,'Nuevo Leon L','s/n','131 12','Centro','3900022',252);
Insert into DOMICILIO (ID_DIRECCION,CALLE,NUMERO_INTERIOR,NUMERO_EXTERIOR,COLONIA,CODIGO_POSTAL,FK_ID_CLIENTE) values (127,'Del solar','23','23','Vistas','20265',302);
Insert into DOMICILIO (ID_DIRECCION,CALLE,NUMERO_INTERIOR,NUMERO_EXTERIOR,COLONIA,CODIGO_POSTAL,FK_ID_CLIENTE) values (1686,'Calle Flores','232','321','Colonia tal','3421',1681);
Insert into DOMICILIO (ID_DIRECCION,CALLE,NUMERO_INTERIOR,NUMERO_EXTERIOR,COLONIA,CODIGO_POSTAL,FK_ID_CLIENTE) values (884,'domicilio5','115','116','domicilio5','88785',826);
Insert into DOMICILIO (ID_DIRECCION,CALLE,NUMERO_INTERIOR,NUMERO_EXTERIOR,COLONIA,CODIGO_POSTAL,FK_ID_CLIENTE) values (95,'Emiliano Zapata','NA','332','Colonia Avenida','29612',65);
Insert into DOMICILIO (ID_DIRECCION,CALLE,NUMERO_INTERIOR,NUMERO_EXTERIOR,COLONIA,CODIGO_POSTAL,FK_ID_CLIENTE) values (62,'Arcoiris','1','430','Los Arcoss','23231',192);
Insert into DOMICILIO (ID_DIRECCION,CALLE,NUMERO_INTERIOR,NUMERO_EXTERIOR,COLONIA,CODIGO_POSTAL,FK_ID_CLIENTE) values (135,'calle13','123','456','colonia13','00000',308);
Insert into DOMICILIO (ID_DIRECCION,CALLE,NUMERO_INTERIOR,NUMERO_EXTERIOR,COLONIA,CODIGO_POSTAL,FK_ID_CLIENTE) values (79,'José Maria','NA','962','20 de Noviembre','25739',235);
Insert into DOMICILIO (ID_DIRECCION,CALLE,NUMERO_INTERIOR,NUMERO_EXTERIOR,COLONIA,CODIGO_POSTAL,FK_ID_CLIENTE) values (1733,'PETROPOLIS','23','38','VERACRUZ','92730',1731);
Insert into DOMICILIO (ID_DIRECCION,CALLE,NUMERO_INTERIOR,NUMERO_EXTERIOR,COLONIA,CODIGO_POSTAL,FK_ID_CLIENTE) values (112,'Emiliano Zapata 7','32','45','El Bordo 66','98621',289);
Insert into DOMICILIO (ID_DIRECCION,CALLE,NUMERO_INTERIOR,NUMERO_EXTERIOR,COLONIA,CODIGO_POSTAL,FK_ID_CLIENTE) values (111,'Emiliano Zapata 6','32','45','El Bordo 66','98621',289);
Insert into DOMICILIO (ID_DIRECCION,CALLE,NUMERO_INTERIOR,NUMERO_EXTERIOR,COLONIA,CODIGO_POSTAL,FK_ID_CLIENTE) values (129,'PRUEBA','1233','N/A','PRUEBA','98647',826);
Insert into DOMICILIO (ID_DIRECCION,CALLE,NUMERO_INTERIOR,NUMERO_EXTERIOR,COLONIA,CODIGO_POSTAL,FK_ID_CLIENTE) values (114,'calle13','123','456','colonia13','00000',291);
Insert into DOMICILIO (ID_DIRECCION,CALLE,NUMERO_INTERIOR,NUMERO_EXTERIOR,COLONIA,CODIGO_POSTAL,FK_ID_CLIENTE) values (1762,'xicotencatl','1','714','Los faros','91700',1761);
Insert into DOMICILIO (ID_DIRECCION,CALLE,NUMERO_INTERIOR,NUMERO_EXTERIOR,COLONIA,CODIGO_POSTAL,FK_ID_CLIENTE) values (1614,'Circuito Gobernadores','100','72','Puebla','73140',1612);
Insert into DOMICILIO (ID_DIRECCION,CALLE,NUMERO_INTERIOR,NUMERO_EXTERIOR,COLONIA,CODIGO_POSTAL,FK_ID_CLIENTE) values (1145,'Las aves','217','217','Municipio Libre','20199',69);
Insert into DOMICILIO (ID_DIRECCION,CALLE,NUMERO_INTERIOR,NUMERO_EXTERIOR,COLONIA,CODIGO_POSTAL,FK_ID_CLIENTE) values (130,'PRUEBA','124','132','HGJG','98647',826);
Insert into DOMICILIO (ID_DIRECCION,CALLE,NUMERO_INTERIOR,NUMERO_EXTERIOR,COLONIA,CODIGO_POSTAL,FK_ID_CLIENTE) values (1687,'Calle H','2322','3211','Colonia 12','3461',1681);
Insert into DOMICILIO (ID_DIRECCION,CALLE,NUMERO_INTERIOR,NUMERO_EXTERIOR,COLONIA,CODIGO_POSTAL,FK_ID_CLIENTE) values (131,'Ignacio Zaragoza','10','101','Barrio de abajo','20330',226);
Insert into DOMICILIO (ID_DIRECCION,CALLE,NUMERO_INTERIOR,NUMERO_EXTERIOR,COLONIA,CODIGO_POSTAL,FK_ID_CLIENTE) values (1544,'xicotencatl','1','714','Los faros','91700',1542);
Insert into DOMICILIO (ID_DIRECCION,CALLE,NUMERO_INTERIOR,NUMERO_EXTERIOR,COLONIA,CODIGO_POSTAL,FK_ID_CLIENTE) values (132,'Calle 1234567890','12','101','Barrio de abajo','20330',306);
Insert into DOMICILIO (ID_DIRECCION,CALLE,NUMERO_INTERIOR,NUMERO_EXTERIOR,COLONIA,CODIGO_POSTAL,FK_ID_CLIENTE) values (33,'Real','33','3','Santa Martina','94476',173);
Insert into DOMICILIO (ID_DIRECCION,CALLE,NUMERO_INTERIOR,NUMERO_EXTERIOR,COLONIA,CODIGO_POSTAL,FK_ID_CLIENTE) values (94,'CIRCUITO GOBERNADORES','10','72','PACHUCA','42032',226);
Insert into DOMICILIO (ID_DIRECCION,CALLE,NUMERO_INTERIOR,NUMERO_EXTERIOR,COLONIA,CODIGO_POSTAL,FK_ID_CLIENTE) values (1724,'Almendros','20','33','Tuxpan','92830',1723);
Insert into DOMICILIO (ID_DIRECCION,CALLE,NUMERO_INTERIOR,NUMERO_EXTERIOR,COLONIA,CODIGO_POSTAL,FK_ID_CLIENTE) values (133,'PRUEBA','12','A','PRUEBA','98647',255);
Insert into DOMICILIO (ID_DIRECCION,CALLE,NUMERO_INTERIOR,NUMERO_EXTERIOR,COLONIA,CODIGO_POSTAL,FK_ID_CLIENTE) values (134,'PRUEBA','4','A','PRUEBA','98647',226);
Insert into DOMICILIO (ID_DIRECCION,CALLE,NUMERO_INTERIOR,NUMERO_EXTERIOR,COLONIA,CODIGO_POSTAL,FK_ID_CLIENTE) values (64,'Mariano Salas','117','N/A','Solidaridad 3','20298',227);
Insert into DOMICILIO (ID_DIRECCION,CALLE,NUMERO_INTERIOR,NUMERO_EXTERIOR,COLONIA,CODIGO_POSTAL,FK_ID_CLIENTE) values (1565,'xicotencatl','1','714','Los faros','91700',1564);
Insert into DOMICILIO (ID_DIRECCION,CALLE,NUMERO_INTERIOR,NUMERO_EXTERIOR,COLONIA,CODIGO_POSTAL,FK_ID_CLIENTE) values (1566,'xicotencatl','1','800','Los faros','91701',1564);
Insert into DOMICILIO (ID_DIRECCION,CALLE,NUMERO_INTERIOR,NUMERO_EXTERIOR,COLONIA,CODIGO_POSTAL,FK_ID_CLIENTE) values (99,'Leon','3n','122','Centro','39020',276);
Insert into DOMICILIO (ID_DIRECCION,CALLE,NUMERO_INTERIOR,NUMERO_EXTERIOR,COLONIA,CODIGO_POSTAL,FK_ID_CLIENTE) values (714,'av universida','223','A','prueba','23231',268);
Insert into DOMICILIO (ID_DIRECCION,CALLE,NUMERO_INTERIOR,NUMERO_EXTERIOR,COLONIA,CODIGO_POSTAL,FK_ID_CLIENTE) values (102,'Bocanegra','0','234','Cuarto Centenario','21098',278);
Insert into DOMICILIO (ID_DIRECCION,CALLE,NUMERO_INTERIOR,NUMERO_EXTERIOR,COLONIA,CODIGO_POSTAL,FK_ID_CLIENTE) values (105,'Rivera','0','234','Cuarto Centenario','21098',284);
Insert into DOMICILIO (ID_DIRECCION,CALLE,NUMERO_INTERIOR,NUMERO_EXTERIOR,COLONIA,CODIGO_POSTAL,FK_ID_CLIENTE) values (124,'Zafiro','A','108','Bravo','20100',262);
REM INSERTING into MODULES
SET DEFINE OFF;
Insert into MODULES (ID_MODULE,DESCRIPTION,CODE,FK_ID_APPLICATION) values (387,'prueba de listass55','prueba listas 123456',1208);
Insert into MODULES (ID_MODULE,DESCRIPTION,CODE,FK_ID_APPLICATION) values (383,'prueba de listass','prueba listas 1234',1);
Insert into MODULES (ID_MODULE,DESCRIPTION,CODE,FK_ID_APPLICATION) values (165,'abcdfg','12',248);
Insert into MODULES (ID_MODULE,DESCRIPTION,CODE,FK_ID_APPLICATION) values (442,'Descripcion1997','Codigo1997',1);
Insert into MODULES (ID_MODULE,DESCRIPTION,CODE,FK_ID_APPLICATION) values (121,'Description 1','Codigo 1',661);
Insert into MODULES (ID_MODULE,DESCRIPTION,CODE,FK_ID_APPLICATION) values (161,'Descripcion 161','Codigo 161',381);
Insert into MODULES (ID_MODULE,DESCRIPTION,CODE,FK_ID_APPLICATION) values (184,'adegeg','167',6);
Insert into MODULES (ID_MODULE,DESCRIPTION,CODE,FK_ID_APPLICATION) values (381,'abcdfghjhj','126567',1);
Insert into MODULES (ID_MODULE,DESCRIPTION,CODE,FK_ID_APPLICATION) values (461,'Descripcion - 1','Codigo 456',722);
Insert into MODULES (ID_MODULE,DESCRIPTION,CODE,FK_ID_APPLICATION) values (384,'prueba de listass5','prueba listas 12345',1);
Insert into MODULES (ID_MODULE,DESCRIPTION,CODE,FK_ID_APPLICATION) values (385,'prueba de listass55','prueba listas 123456',1);
Insert into MODULES (ID_MODULE,DESCRIPTION,CODE,FK_ID_APPLICATION) values (382,'prueba de listas','prueba listas 123',1);
Insert into MODULES (ID_MODULE,DESCRIPTION,CODE,FK_ID_APPLICATION) values (561,'Descripcion 10','Codigo 10',1151);
Insert into MODULES (ID_MODULE,DESCRIPTION,CODE,FK_ID_APPLICATION) values (562,'Descripcion 10','Codigo 10',1151);
Insert into MODULES (ID_MODULE,DESCRIPTION,CODE,FK_ID_APPLICATION) values (247,'abcd','2806',767);
Insert into MODULES (ID_MODULE,DESCRIPTION,CODE,FK_ID_APPLICATION) values (501,'Ejemplo1 description','Ejemplo1',1143);
Insert into MODULES (ID_MODULE,DESCRIPTION,CODE,FK_ID_APPLICATION) values (386,'prueba de listass55','prueba listas 123456',1);
REM INSERTING into PRODUCTO
SET DEFINE OFF;
Insert into PRODUCTO (ID_PRODUCTO,NOMBRE,DESCRIPCION,NUMERO_PIEZAS,PRODUCTO_ACTIVO,CODIGO,PRECIO) values (2,'Teclado X','Teclado inalambricos','5',1,'Teclado2022',100);
Insert into PRODUCTO (ID_PRODUCTO,NOMBRE,DESCRIPCION,NUMERO_PIEZAS,PRODUCTO_ACTIVO,CODIGO,PRECIO) values (201,'Laptop','lenovo','2',1,'038493',10599);
Insert into PRODUCTO (ID_PRODUCTO,NOMBRE,DESCRIPCION,NUMERO_PIEZAS,PRODUCTO_ACTIVO,CODIGO,PRECIO) values (34,'Mouse','Mouse con luz RGB ','6',1,'991803M',345.235);
Insert into PRODUCTO (ID_PRODUCTO,NOMBRE,DESCRIPCION,NUMERO_PIEZAS,PRODUCTO_ACTIVO,CODIGO,PRECIO) values (46,'Laptopsss','lenovosss','2',1,'0384935',10599);
Insert into PRODUCTO (ID_PRODUCTO,NOMBRE,DESCRIPCION,NUMERO_PIEZAS,PRODUCTO_ACTIVO,CODIGO,PRECIO) values (32,'Celular S20FE','descripcion','7',0,'1234567890123',12500.2);
Insert into PRODUCTO (ID_PRODUCTO,NOMBRE,DESCRIPCION,NUMERO_PIEZAS,PRODUCTO_ACTIVO,CODIGO,PRECIO) values (37,'Audifonos X','Audifonos inalambricos','45',0,'AUDI2022',1500);
Insert into PRODUCTO (ID_PRODUCTO,NOMBRE,DESCRIPCION,NUMERO_PIEZAS,PRODUCTO_ACTIVO,CODIGO,PRECIO) values (103,'Silla Gamer','silla gamer para adulto con respaldo reclinable','5',1,'325610',35000);
Insert into PRODUCTO (ID_PRODUCTO,NOMBRE,DESCRIPCION,NUMERO_PIEZAS,PRODUCTO_ACTIVO,CODIGO,PRECIO) values (82,'Mouse','alambrico','4',1,'1234',100);
Insert into PRODUCTO (ID_PRODUCTO,NOMBRE,DESCRIPCION,NUMERO_PIEZAS,PRODUCTO_ACTIVO,CODIGO,PRECIO) values (83,'USB','16 GB','7',1,'12345',100);
Insert into PRODUCTO (ID_PRODUCTO,NOMBRE,DESCRIPCION,NUMERO_PIEZAS,PRODUCTO_ACTIVO,CODIGO,PRECIO) values (108,'Control','Control PSP','2',0,'80Control',500);
Insert into PRODUCTO (ID_PRODUCTO,NOMBRE,DESCRIPCION,NUMERO_PIEZAS,PRODUCTO_ACTIVO,CODIGO,PRECIO) values (110,'Apple iPad Mini 6 2021','(Wi-Fi, 64GB) - Gris espacial','5',1,'318241',9484);
Insert into PRODUCTO (ID_PRODUCTO,NOMBRE,DESCRIPCION,NUMERO_PIEZAS,PRODUCTO_ACTIVO,CODIGO,PRECIO) values (81,'Iphone 14 pro','Celular','3',1,'2022',13999);
Insert into PRODUCTO (ID_PRODUCTO,NOMBRE,DESCRIPCION,NUMERO_PIEZAS,PRODUCTO_ACTIVO,CODIGO,PRECIO) values (88,'Teclado Y','Teclado Mecanico','10',1,'Teclado12345',400);
Insert into PRODUCTO (ID_PRODUCTO,NOMBRE,DESCRIPCION,NUMERO_PIEZAS,PRODUCTO_ACTIVO,CODIGO,PRECIO) values (100,'OPPO A53','Telefono Inteligente','5',1,'280600',50000);
Insert into PRODUCTO (ID_PRODUCTO,NOMBRE,DESCRIPCION,NUMERO_PIEZAS,PRODUCTO_ACTIVO,CODIGO,PRECIO) values (101,'OPPO A54','Telefono Inteligente','1',1,'28060000',2999);
Insert into PRODUCTO (ID_PRODUCTO,NOMBRE,DESCRIPCION,NUMERO_PIEZAS,PRODUCTO_ACTIVO,CODIGO,PRECIO) values (102,'OPPO A54','Telefono Inteligente','0',0,'28',2999);
Insert into PRODUCTO (ID_PRODUCTO,NOMBRE,DESCRIPCION,NUMERO_PIEZAS,PRODUCTO_ACTIVO,CODIGO,PRECIO) values (1,'Laptop Dell','Laptop dell I300 I5','0',1,'038492',10000);
Insert into PRODUCTO (ID_PRODUCTO,NOMBRE,DESCRIPCION,NUMERO_PIEZAS,PRODUCTO_ACTIVO,CODIGO,PRECIO) values (95,'Camara Sony x12','camara','40',1,'333',12500.2);
Insert into PRODUCTO (ID_PRODUCTO,NOMBRE,DESCRIPCION,NUMERO_PIEZAS,PRODUCTO_ACTIVO,CODIGO,PRECIO) values (117,'computadora 16gb','i9','3',1,'125737645',9484);
Insert into PRODUCTO (ID_PRODUCTO,NOMBRE,DESCRIPCION,NUMERO_PIEZAS,PRODUCTO_ACTIVO,CODIGO,PRECIO) values (14,'Audifonos HyperX','Audifonos gamer','8',1,'00145',1000);
Insert into PRODUCTO (ID_PRODUCTO,NOMBRE,DESCRIPCION,NUMERO_PIEZAS,PRODUCTO_ACTIVO,CODIGO,PRECIO) values (485,'Neutrogena Hydroboost gel','Para todo tipo de piez','6',1,'AODP',60.5);
Insert into PRODUCTO (ID_PRODUCTO,NOMBRE,DESCRIPCION,NUMERO_PIEZAS,PRODUCTO_ACTIVO,CODIGO,PRECIO) values (66,'TECLADO X','TECLADO INALAMBRICOS','4',1,'CODIGO78435',100);
Insert into PRODUCTO (ID_PRODUCTO,NOMBRE,DESCRIPCION,NUMERO_PIEZAS,PRODUCTO_ACTIVO,CODIGO,PRECIO) values (118,'mouse 3200 dpi','bateria incluida','3',1,'423532',9484);
Insert into PRODUCTO (ID_PRODUCTO,NOMBRE,DESCRIPCION,NUMERO_PIEZAS,PRODUCTO_ACTIVO,CODIGO,PRECIO) values (1024,'Xiaomi Redmi AirDots','Audifonos Inalambricos','3',1,'20277',529);
Insert into PRODUCTO (ID_PRODUCTO,NOMBRE,DESCRIPCION,NUMERO_PIEZAS,PRODUCTO_ACTIVO,CODIGO,PRECIO) values (9,'Audifonossss','Audifonos 700Z','0',0,'0206012',901);
Insert into PRODUCTO (ID_PRODUCTO,NOMBRE,DESCRIPCION,NUMERO_PIEZAS,PRODUCTO_ACTIVO,CODIGO,PRECIO) values (17,'Asus 15','laptop de 15 pulgadas core I9','0',0,'234512',15000);
Insert into PRODUCTO (ID_PRODUCTO,NOMBRE,DESCRIPCION,NUMERO_PIEZAS,PRODUCTO_ACTIVO,CODIGO,PRECIO) values (73,'Celular S22','Celular Samsung mas chido que el chido chido','2',1,'1234567890126',12500.2);
Insert into PRODUCTO (ID_PRODUCTO,NOMBRE,DESCRIPCION,NUMERO_PIEZAS,PRODUCTO_ACTIVO,CODIGO,PRECIO) values (57,'Samsung','Smart phone','0',0,'29',5000);
Insert into PRODUCTO (ID_PRODUCTO,NOMBRE,DESCRIPCION,NUMERO_PIEZAS,PRODUCTO_ACTIVO,CODIGO,PRECIO) values (78,'Teclado Z','Teclado inalambricos','50',0,'Teclado2022-X',100);
Insert into PRODUCTO (ID_PRODUCTO,NOMBRE,DESCRIPCION,NUMERO_PIEZAS,PRODUCTO_ACTIVO,CODIGO,PRECIO) values (80,'Fender Strat','Guitarra Electrica','1',1,'MX2022',799);
Insert into PRODUCTO (ID_PRODUCTO,NOMBRE,DESCRIPCION,NUMERO_PIEZAS,PRODUCTO_ACTIVO,CODIGO,PRECIO) values (85,'PRODUCTO','PRODUCTOS','6',1,'14256',3575);
Insert into PRODUCTO (ID_PRODUCTO,NOMBRE,DESCRIPCION,NUMERO_PIEZAS,PRODUCTO_ACTIVO,CODIGO,PRECIO) values (59,'TECLADO X','TECLADO INALAMBRICOS','2',1,'TECLADO202278',100);
Insert into PRODUCTO (ID_PRODUCTO,NOMBRE,DESCRIPCION,NUMERO_PIEZAS,PRODUCTO_ACTIVO,CODIGO,PRECIO) values (36,'P','p','1',0,'p',20);
Insert into PRODUCTO (ID_PRODUCTO,NOMBRE,DESCRIPCION,NUMERO_PIEZAS,PRODUCTO_ACTIVO,CODIGO,PRECIO) values (8,'Monitor Gamer','Monitor de PC Gamer','8',1,'01234',5000.5);
Insert into PRODUCTO (ID_PRODUCTO,NOMBRE,DESCRIPCION,NUMERO_PIEZAS,PRODUCTO_ACTIVO,CODIGO,PRECIO) values (60,'TECLADO X','TECLADO INALAMBRICOS','0',0,'TECLADO202278',100);
Insert into PRODUCTO (ID_PRODUCTO,NOMBRE,DESCRIPCION,NUMERO_PIEZAS,PRODUCTO_ACTIVO,CODIGO,PRECIO) values (47,'Teclado X','Teclado inalambricos','0',0,'Teclado202222',100);
Insert into PRODUCTO (ID_PRODUCTO,NOMBRE,DESCRIPCION,NUMERO_PIEZAS,PRODUCTO_ACTIVO,CODIGO,PRECIO) values (61,'TECLADO X','TECLADO INALAMBRICOS','0',0,'TECLADO202278',100);
Insert into PRODUCTO (ID_PRODUCTO,NOMBRE,DESCRIPCION,NUMERO_PIEZAS,PRODUCTO_ACTIVO,CODIGO,PRECIO) values (62,'TECLADO X','TECLADO INALAMBRICOS','0',0,'TECLADO202278',100);
Insert into PRODUCTO (ID_PRODUCTO,NOMBRE,DESCRIPCION,NUMERO_PIEZAS,PRODUCTO_ACTIVO,CODIGO,PRECIO) values (63,'TECLADO X','TECLADO INALAMBRICOS','4',1,'TECLADO202278',100);
Insert into PRODUCTO (ID_PRODUCTO,NOMBRE,DESCRIPCION,NUMERO_PIEZAS,PRODUCTO_ACTIVO,CODIGO,PRECIO) values (64,'TECLADO X','TECLADO INALAMBRICOS','4',1,'1997BOCINAS',100);
Insert into PRODUCTO (ID_PRODUCTO,NOMBRE,DESCRIPCION,NUMERO_PIEZAS,PRODUCTO_ACTIVO,CODIGO,PRECIO) values (90,'Audifonos X','Audifonos inalambricos','45',0,'AUDI2022',1500);
Insert into PRODUCTO (ID_PRODUCTO,NOMBRE,DESCRIPCION,NUMERO_PIEZAS,PRODUCTO_ACTIVO,CODIGO,PRECIO) values (106,'Escritorio','Escritorio minimalista con ajuste de altura','2',1,'33452',55000);
Insert into PRODUCTO (ID_PRODUCTO,NOMBRE,DESCRIPCION,NUMERO_PIEZAS,PRODUCTO_ACTIVO,CODIGO,PRECIO) values (107,'Targeta Grafica','Targeta Nvidia GT3080','1',1,'435321',55000);
Insert into PRODUCTO (ID_PRODUCTO,NOMBRE,DESCRIPCION,NUMERO_PIEZAS,PRODUCTO_ACTIVO,CODIGO,PRECIO) values (116,'Tablet Hawuei','Tableta','10',1,'040322',2999);
Insert into PRODUCTO (ID_PRODUCTO,NOMBRE,DESCRIPCION,NUMERO_PIEZAS,PRODUCTO_ACTIVO,CODIGO,PRECIO) values (115,'OPPO','Telefono Inteligente','0',0,'000600',2999);
--------------------------------------------------------
--  DDL for Index APPLICATIONS_PK
--------------------------------------------------------

  CREATE UNIQUE INDEX "APPLICATIONS_PK" ON "APPLICATIONS" ("ID") 
  PCTFREE 10 INITRANS 2 MAXTRANS 255 COMPUTE STATISTICS 
  STORAGE(INITIAL 65536 NEXT 1048576 MINEXTENTS 1 MAXEXTENTS 2147483645
  PCTINCREASE 0 FREELISTS 1 FREELIST GROUPS 1
  BUFFER_POOL DEFAULT FLASH_CACHE DEFAULT CELL_FLASH_CACHE DEFAULT)
  TABLESPACE "USERS" ;
--------------------------------------------------------
--  DDL for Index IXFK_COMPRAS_CLIENTE
--------------------------------------------------------

  CREATE INDEX "IXFK_COMPRAS_CLIENTE" ON "COMPRAS" ("FK_ID_CLIENTE") 
  PCTFREE 10 INITRANS 2 MAXTRANS 255 COMPUTE STATISTICS 
  STORAGE(INITIAL 65536 NEXT 1048576 MINEXTENTS 1 MAXEXTENTS 2147483645
  PCTINCREASE 0 FREELISTS 1 FREELIST GROUPS 1
  BUFFER_POOL DEFAULT FLASH_CACHE DEFAULT CELL_FLASH_CACHE DEFAULT)
  TABLESPACE "USERS" ;
--------------------------------------------------------
--  DDL for Index IXFK_COMPRAS_DOMICILIO
--------------------------------------------------------

  CREATE INDEX "IXFK_COMPRAS_DOMICILIO" ON "COMPRAS" ("FK_ID_DIRECCION") 
  PCTFREE 10 INITRANS 2 MAXTRANS 255 COMPUTE STATISTICS 
  STORAGE(INITIAL 65536 NEXT 1048576 MINEXTENTS 1 MAXEXTENTS 2147483645
  PCTINCREASE 0 FREELISTS 1 FREELIST GROUPS 1
  BUFFER_POOL DEFAULT FLASH_CACHE DEFAULT CELL_FLASH_CACHE DEFAULT)
  TABLESPACE "USERS" ;
--------------------------------------------------------
--  DDL for Index IXFK_COMPRAS_PRODUCTOS_COMPRAS
--------------------------------------------------------

  CREATE INDEX "IXFK_COMPRAS_PRODUCTOS_COMPRAS" ON "COMPRAS_PRODUCTOS" ("FK_ID_COMPRA") 
  PCTFREE 10 INITRANS 2 MAXTRANS 255 COMPUTE STATISTICS 
  STORAGE(INITIAL 65536 NEXT 1048576 MINEXTENTS 1 MAXEXTENTS 2147483645
  PCTINCREASE 0 FREELISTS 1 FREELIST GROUPS 1
  BUFFER_POOL DEFAULT FLASH_CACHE DEFAULT CELL_FLASH_CACHE DEFAULT)
  TABLESPACE "USERS" ;
--------------------------------------------------------
--  DDL for Index IXFK_COMPRAS_PRODUCTOS_PR01
--------------------------------------------------------

  CREATE INDEX "IXFK_COMPRAS_PRODUCTOS_PR01" ON "COMPRAS_PRODUCTOS" ("FK_ID_PRODUCTO") 
  PCTFREE 10 INITRANS 2 MAXTRANS 255 COMPUTE STATISTICS 
  STORAGE(INITIAL 65536 NEXT 1048576 MINEXTENTS 1 MAXEXTENTS 2147483645
  PCTINCREASE 0 FREELISTS 1 FREELIST GROUPS 1
  BUFFER_POOL DEFAULT FLASH_CACHE DEFAULT CELL_FLASH_CACHE DEFAULT)
  TABLESPACE "USERS" ;
--------------------------------------------------------
--  DDL for Index IXFK_DOMICILIO_CLIENTE
--------------------------------------------------------

  CREATE INDEX "IXFK_DOMICILIO_CLIENTE" ON "DOMICILIO" ("FK_ID_CLIENTE") 
  PCTFREE 10 INITRANS 2 MAXTRANS 255 COMPUTE STATISTICS 
  STORAGE(INITIAL 65536 NEXT 1048576 MINEXTENTS 1 MAXEXTENTS 2147483645
  PCTINCREASE 0 FREELISTS 1 FREELIST GROUPS 1
  BUFFER_POOL DEFAULT FLASH_CACHE DEFAULT CELL_FLASH_CACHE DEFAULT)
  TABLESPACE "USERS" ;
--------------------------------------------------------
--  DDL for Index MODULES_PK
--------------------------------------------------------

  CREATE UNIQUE INDEX "MODULES_PK" ON "MODULES" ("ID_MODULE") 
  PCTFREE 10 INITRANS 2 MAXTRANS 255 COMPUTE STATISTICS 
  STORAGE(INITIAL 65536 NEXT 1048576 MINEXTENTS 1 MAXEXTENTS 2147483645
  PCTINCREASE 0 FREELISTS 1 FREELIST GROUPS 1
  BUFFER_POOL DEFAULT FLASH_CACHE DEFAULT CELL_FLASH_CACHE DEFAULT)
  TABLESPACE "USERS" ;
--------------------------------------------------------
--  DDL for Index PK_CLIENTE
--------------------------------------------------------

  CREATE UNIQUE INDEX "PK_CLIENTE" ON "CLIENTE" ("ID_CLIENTE") 
  PCTFREE 10 INITRANS 2 MAXTRANS 255 COMPUTE STATISTICS 
  STORAGE(INITIAL 65536 NEXT 1048576 MINEXTENTS 1 MAXEXTENTS 2147483645
  PCTINCREASE 0 FREELISTS 1 FREELIST GROUPS 1
  BUFFER_POOL DEFAULT FLASH_CACHE DEFAULT CELL_FLASH_CACHE DEFAULT)
  TABLESPACE "USERS" ;
--------------------------------------------------------
--  DDL for Index PK_COMPRAS
--------------------------------------------------------

  CREATE UNIQUE INDEX "PK_COMPRAS" ON "COMPRAS" ("ID_COMPRA") 
  PCTFREE 10 INITRANS 2 MAXTRANS 255 COMPUTE STATISTICS 
  STORAGE(INITIAL 65536 NEXT 1048576 MINEXTENTS 1 MAXEXTENTS 2147483645
  PCTINCREASE 0 FREELISTS 1 FREELIST GROUPS 1
  BUFFER_POOL DEFAULT FLASH_CACHE DEFAULT CELL_FLASH_CACHE DEFAULT)
  TABLESPACE "USERS" ;
--------------------------------------------------------
--  DDL for Index PK_COMPRAS_PROD_01
--------------------------------------------------------

  CREATE UNIQUE INDEX "PK_COMPRAS_PROD_01" ON "COMPRAS_PRODUCTOS" ("ID_COMPRAS_PRODUCTOS") 
  PCTFREE 10 INITRANS 2 MAXTRANS 255 COMPUTE STATISTICS 
  STORAGE(INITIAL 65536 NEXT 1048576 MINEXTENTS 1 MAXEXTENTS 2147483645
  PCTINCREASE 0 FREELISTS 1 FREELIST GROUPS 1
  BUFFER_POOL DEFAULT FLASH_CACHE DEFAULT CELL_FLASH_CACHE DEFAULT)
  TABLESPACE "USERS" ;
--------------------------------------------------------
--  DDL for Index PK_DOMICILIO
--------------------------------------------------------

  CREATE UNIQUE INDEX "PK_DOMICILIO" ON "DOMICILIO" ("ID_DIRECCION") 
  PCTFREE 10 INITRANS 2 MAXTRANS 255 COMPUTE STATISTICS 
  STORAGE(INITIAL 65536 NEXT 1048576 MINEXTENTS 1 MAXEXTENTS 2147483645
  PCTINCREASE 0 FREELISTS 1 FREELIST GROUPS 1
  BUFFER_POOL DEFAULT FLASH_CACHE DEFAULT CELL_FLASH_CACHE DEFAULT)
  TABLESPACE "USERS" ;
--------------------------------------------------------
--  DDL for Index PK_PRODUCTO
--------------------------------------------------------

  CREATE UNIQUE INDEX "PK_PRODUCTO" ON "PRODUCTO" ("ID_PRODUCTO") 
  PCTFREE 10 INITRANS 2 MAXTRANS 255 COMPUTE STATISTICS 
  STORAGE(INITIAL 65536 NEXT 1048576 MINEXTENTS 1 MAXEXTENTS 2147483645
  PCTINCREASE 0 FREELISTS 1 FREELIST GROUPS 1
  BUFFER_POOL DEFAULT FLASH_CACHE DEFAULT CELL_FLASH_CACHE DEFAULT)
  TABLESPACE "USERS" ;
--------------------------------------------------------
--  DDL for Index APPLICATIONS_PK
--------------------------------------------------------

  CREATE UNIQUE INDEX "APPLICATIONS_PK" ON "APPLICATIONS" ("ID") 
  PCTFREE 10 INITRANS 2 MAXTRANS 255 COMPUTE STATISTICS 
  STORAGE(INITIAL 65536 NEXT 1048576 MINEXTENTS 1 MAXEXTENTS 2147483645
  PCTINCREASE 0 FREELISTS 1 FREELIST GROUPS 1
  BUFFER_POOL DEFAULT FLASH_CACHE DEFAULT CELL_FLASH_CACHE DEFAULT)
  TABLESPACE "USERS" ;
--------------------------------------------------------
--  DDL for Index PK_CLIENTE
--------------------------------------------------------

  CREATE UNIQUE INDEX "PK_CLIENTE" ON "CLIENTE" ("ID_CLIENTE") 
  PCTFREE 10 INITRANS 2 MAXTRANS 255 COMPUTE STATISTICS 
  STORAGE(INITIAL 65536 NEXT 1048576 MINEXTENTS 1 MAXEXTENTS 2147483645
  PCTINCREASE 0 FREELISTS 1 FREELIST GROUPS 1
  BUFFER_POOL DEFAULT FLASH_CACHE DEFAULT CELL_FLASH_CACHE DEFAULT)
  TABLESPACE "USERS" ;
--------------------------------------------------------
--  DDL for Index PK_COMPRAS
--------------------------------------------------------

  CREATE UNIQUE INDEX "PK_COMPRAS" ON "COMPRAS" ("ID_COMPRA") 
  PCTFREE 10 INITRANS 2 MAXTRANS 255 COMPUTE STATISTICS 
  STORAGE(INITIAL 65536 NEXT 1048576 MINEXTENTS 1 MAXEXTENTS 2147483645
  PCTINCREASE 0 FREELISTS 1 FREELIST GROUPS 1
  BUFFER_POOL DEFAULT FLASH_CACHE DEFAULT CELL_FLASH_CACHE DEFAULT)
  TABLESPACE "USERS" ;
--------------------------------------------------------
--  DDL for Index IXFK_COMPRAS_CLIENTE
--------------------------------------------------------

  CREATE INDEX "IXFK_COMPRAS_CLIENTE" ON "COMPRAS" ("FK_ID_CLIENTE") 
  PCTFREE 10 INITRANS 2 MAXTRANS 255 COMPUTE STATISTICS 
  STORAGE(INITIAL 65536 NEXT 1048576 MINEXTENTS 1 MAXEXTENTS 2147483645
  PCTINCREASE 0 FREELISTS 1 FREELIST GROUPS 1
  BUFFER_POOL DEFAULT FLASH_CACHE DEFAULT CELL_FLASH_CACHE DEFAULT)
  TABLESPACE "USERS" ;
--------------------------------------------------------
--  DDL for Index IXFK_COMPRAS_DOMICILIO
--------------------------------------------------------

  CREATE INDEX "IXFK_COMPRAS_DOMICILIO" ON "COMPRAS" ("FK_ID_DIRECCION") 
  PCTFREE 10 INITRANS 2 MAXTRANS 255 COMPUTE STATISTICS 
  STORAGE(INITIAL 65536 NEXT 1048576 MINEXTENTS 1 MAXEXTENTS 2147483645
  PCTINCREASE 0 FREELISTS 1 FREELIST GROUPS 1
  BUFFER_POOL DEFAULT FLASH_CACHE DEFAULT CELL_FLASH_CACHE DEFAULT)
  TABLESPACE "USERS" ;
--------------------------------------------------------
--  DDL for Index PK_COMPRAS_PROD_01
--------------------------------------------------------

  CREATE UNIQUE INDEX "PK_COMPRAS_PROD_01" ON "COMPRAS_PRODUCTOS" ("ID_COMPRAS_PRODUCTOS") 
  PCTFREE 10 INITRANS 2 MAXTRANS 255 COMPUTE STATISTICS 
  STORAGE(INITIAL 65536 NEXT 1048576 MINEXTENTS 1 MAXEXTENTS 2147483645
  PCTINCREASE 0 FREELISTS 1 FREELIST GROUPS 1
  BUFFER_POOL DEFAULT FLASH_CACHE DEFAULT CELL_FLASH_CACHE DEFAULT)
  TABLESPACE "USERS" ;
--------------------------------------------------------
--  DDL for Index IXFK_COMPRAS_PRODUCTOS_COMPRAS
--------------------------------------------------------

  CREATE INDEX "IXFK_COMPRAS_PRODUCTOS_COMPRAS" ON "COMPRAS_PRODUCTOS" ("FK_ID_COMPRA") 
  PCTFREE 10 INITRANS 2 MAXTRANS 255 COMPUTE STATISTICS 
  STORAGE(INITIAL 65536 NEXT 1048576 MINEXTENTS 1 MAXEXTENTS 2147483645
  PCTINCREASE 0 FREELISTS 1 FREELIST GROUPS 1
  BUFFER_POOL DEFAULT FLASH_CACHE DEFAULT CELL_FLASH_CACHE DEFAULT)
  TABLESPACE "USERS" ;
--------------------------------------------------------
--  DDL for Index IXFK_COMPRAS_PRODUCTOS_PR01
--------------------------------------------------------

  CREATE INDEX "IXFK_COMPRAS_PRODUCTOS_PR01" ON "COMPRAS_PRODUCTOS" ("FK_ID_PRODUCTO") 
  PCTFREE 10 INITRANS 2 MAXTRANS 255 COMPUTE STATISTICS 
  STORAGE(INITIAL 65536 NEXT 1048576 MINEXTENTS 1 MAXEXTENTS 2147483645
  PCTINCREASE 0 FREELISTS 1 FREELIST GROUPS 1
  BUFFER_POOL DEFAULT FLASH_CACHE DEFAULT CELL_FLASH_CACHE DEFAULT)
  TABLESPACE "USERS" ;
--------------------------------------------------------
--  DDL for Index PK_DOMICILIO
--------------------------------------------------------

  CREATE UNIQUE INDEX "PK_DOMICILIO" ON "DOMICILIO" ("ID_DIRECCION") 
  PCTFREE 10 INITRANS 2 MAXTRANS 255 COMPUTE STATISTICS 
  STORAGE(INITIAL 65536 NEXT 1048576 MINEXTENTS 1 MAXEXTENTS 2147483645
  PCTINCREASE 0 FREELISTS 1 FREELIST GROUPS 1
  BUFFER_POOL DEFAULT FLASH_CACHE DEFAULT CELL_FLASH_CACHE DEFAULT)
  TABLESPACE "USERS" ;
--------------------------------------------------------
--  DDL for Index IXFK_DOMICILIO_CLIENTE
--------------------------------------------------------

  CREATE INDEX "IXFK_DOMICILIO_CLIENTE" ON "DOMICILIO" ("FK_ID_CLIENTE") 
  PCTFREE 10 INITRANS 2 MAXTRANS 255 COMPUTE STATISTICS 
  STORAGE(INITIAL 65536 NEXT 1048576 MINEXTENTS 1 MAXEXTENTS 2147483645
  PCTINCREASE 0 FREELISTS 1 FREELIST GROUPS 1
  BUFFER_POOL DEFAULT FLASH_CACHE DEFAULT CELL_FLASH_CACHE DEFAULT)
  TABLESPACE "USERS" ;
--------------------------------------------------------
--  DDL for Index MODULES_PK
--------------------------------------------------------

  CREATE UNIQUE INDEX "MODULES_PK" ON "MODULES" ("ID_MODULE") 
  PCTFREE 10 INITRANS 2 MAXTRANS 255 COMPUTE STATISTICS 
  STORAGE(INITIAL 65536 NEXT 1048576 MINEXTENTS 1 MAXEXTENTS 2147483645
  PCTINCREASE 0 FREELISTS 1 FREELIST GROUPS 1
  BUFFER_POOL DEFAULT FLASH_CACHE DEFAULT CELL_FLASH_CACHE DEFAULT)
  TABLESPACE "USERS" ;
--------------------------------------------------------
--  DDL for Index PK_PRODUCTO
--------------------------------------------------------

  CREATE UNIQUE INDEX "PK_PRODUCTO" ON "PRODUCTO" ("ID_PRODUCTO") 
  PCTFREE 10 INITRANS 2 MAXTRANS 255 COMPUTE STATISTICS 
  STORAGE(INITIAL 65536 NEXT 1048576 MINEXTENTS 1 MAXEXTENTS 2147483645
  PCTINCREASE 0 FREELISTS 1 FREELIST GROUPS 1
  BUFFER_POOL DEFAULT FLASH_CACHE DEFAULT CELL_FLASH_CACHE DEFAULT)
  TABLESPACE "USERS" ;
--------------------------------------------------------
--  Constraints for Table APPLICATIONS
--------------------------------------------------------

  ALTER TABLE "APPLICATIONS" MODIFY ("ID" NOT NULL ENABLE);
  ALTER TABLE "APPLICATIONS" MODIFY ("APPLICATION_CODE" NOT NULL ENABLE);
  ALTER TABLE "APPLICATIONS" MODIFY ("APPLICATION_NAME" NOT NULL ENABLE);
  ALTER TABLE "APPLICATIONS" ADD CONSTRAINT "APPLICATIONS_PK" PRIMARY KEY ("ID")
  USING INDEX PCTFREE 10 INITRANS 2 MAXTRANS 255 COMPUTE STATISTICS 
  STORAGE(INITIAL 65536 NEXT 1048576 MINEXTENTS 1 MAXEXTENTS 2147483645
  PCTINCREASE 0 FREELISTS 1 FREELIST GROUPS 1
  BUFFER_POOL DEFAULT FLASH_CACHE DEFAULT CELL_FLASH_CACHE DEFAULT)
  TABLESPACE "USERS"  ENABLE;
--------------------------------------------------------
--  Constraints for Table CLIENTE
--------------------------------------------------------

  ALTER TABLE "CLIENTE" MODIFY ("ID_CLIENTE" NOT NULL ENABLE);
  ALTER TABLE "CLIENTE" MODIFY ("NOMBRE" NOT NULL ENABLE);
  ALTER TABLE "CLIENTE" MODIFY ("APELLIDO_PATERNO" NOT NULL ENABLE);
  ALTER TABLE "CLIENTE" MODIFY ("APELLIDO_MATERNO" NOT NULL ENABLE);
  ALTER TABLE "CLIENTE" MODIFY ("FECHA_NACIMIENTO" NOT NULL ENABLE);
  ALTER TABLE "CLIENTE" ADD CONSTRAINT "PK_CLIENTE" PRIMARY KEY ("ID_CLIENTE")
  USING INDEX PCTFREE 10 INITRANS 2 MAXTRANS 255 COMPUTE STATISTICS 
  STORAGE(INITIAL 65536 NEXT 1048576 MINEXTENTS 1 MAXEXTENTS 2147483645
  PCTINCREASE 0 FREELISTS 1 FREELIST GROUPS 1
  BUFFER_POOL DEFAULT FLASH_CACHE DEFAULT CELL_FLASH_CACHE DEFAULT)
  TABLESPACE "USERS"  ENABLE;
--------------------------------------------------------
--  Constraints for Table COMPRAS
--------------------------------------------------------

  ALTER TABLE "COMPRAS" MODIFY ("ID_COMPRA" NOT NULL ENABLE);
  ALTER TABLE "COMPRAS" MODIFY ("FECHA_COMPRA" NOT NULL ENABLE);
  ALTER TABLE "COMPRAS" MODIFY ("TOTAL" NOT NULL ENABLE);
  ALTER TABLE "COMPRAS" ADD CONSTRAINT "PK_COMPRAS" PRIMARY KEY ("ID_COMPRA")
  USING INDEX PCTFREE 10 INITRANS 2 MAXTRANS 255 COMPUTE STATISTICS 
  STORAGE(INITIAL 65536 NEXT 1048576 MINEXTENTS 1 MAXEXTENTS 2147483645
  PCTINCREASE 0 FREELISTS 1 FREELIST GROUPS 1
  BUFFER_POOL DEFAULT FLASH_CACHE DEFAULT CELL_FLASH_CACHE DEFAULT)
  TABLESPACE "USERS"  ENABLE;
--------------------------------------------------------
--  Constraints for Table COMPRAS_PRODUCTOS
--------------------------------------------------------

  ALTER TABLE "COMPRAS_PRODUCTOS" MODIFY ("ID_COMPRAS_PRODUCTOS" NOT NULL ENABLE);
  ALTER TABLE "COMPRAS_PRODUCTOS" MODIFY ("NUMERO_ARTICULOS" NOT NULL ENABLE);
  ALTER TABLE "COMPRAS_PRODUCTOS" ADD CONSTRAINT "PK_COMPRAS_PROD_01" PRIMARY KEY ("ID_COMPRAS_PRODUCTOS")
  USING INDEX PCTFREE 10 INITRANS 2 MAXTRANS 255 COMPUTE STATISTICS 
  STORAGE(INITIAL 65536 NEXT 1048576 MINEXTENTS 1 MAXEXTENTS 2147483645
  PCTINCREASE 0 FREELISTS 1 FREELIST GROUPS 1
  BUFFER_POOL DEFAULT FLASH_CACHE DEFAULT CELL_FLASH_CACHE DEFAULT)
  TABLESPACE "USERS"  ENABLE;
--------------------------------------------------------
--  Constraints for Table DOMICILIO
--------------------------------------------------------

  ALTER TABLE "DOMICILIO" MODIFY ("ID_DIRECCION" NOT NULL ENABLE);
  ALTER TABLE "DOMICILIO" MODIFY ("CALLE" NOT NULL ENABLE);
  ALTER TABLE "DOMICILIO" MODIFY ("COLONIA" NOT NULL ENABLE);
  ALTER TABLE "DOMICILIO" MODIFY ("CODIGO_POSTAL" NOT NULL ENABLE);
  ALTER TABLE "DOMICILIO" ADD CONSTRAINT "PK_DOMICILIO" PRIMARY KEY ("ID_DIRECCION")
  USING INDEX PCTFREE 10 INITRANS 2 MAXTRANS 255 COMPUTE STATISTICS 
  STORAGE(INITIAL 65536 NEXT 1048576 MINEXTENTS 1 MAXEXTENTS 2147483645
  PCTINCREASE 0 FREELISTS 1 FREELIST GROUPS 1
  BUFFER_POOL DEFAULT FLASH_CACHE DEFAULT CELL_FLASH_CACHE DEFAULT)
  TABLESPACE "USERS"  ENABLE;
--------------------------------------------------------
--  Constraints for Table MODULES
--------------------------------------------------------

  ALTER TABLE "MODULES" MODIFY ("ID_MODULE" NOT NULL ENABLE);
  ALTER TABLE "MODULES" MODIFY ("DESCRIPTION" NOT NULL ENABLE);
  ALTER TABLE "MODULES" MODIFY ("CODE" NOT NULL ENABLE);
  ALTER TABLE "MODULES" ADD CONSTRAINT "MODULES_PK" PRIMARY KEY ("ID_MODULE")
  USING INDEX PCTFREE 10 INITRANS 2 MAXTRANS 255 COMPUTE STATISTICS 
  STORAGE(INITIAL 65536 NEXT 1048576 MINEXTENTS 1 MAXEXTENTS 2147483645
  PCTINCREASE 0 FREELISTS 1 FREELIST GROUPS 1
  BUFFER_POOL DEFAULT FLASH_CACHE DEFAULT CELL_FLASH_CACHE DEFAULT)
  TABLESPACE "USERS"  ENABLE;
--------------------------------------------------------
--  Constraints for Table PRODUCTO
--------------------------------------------------------

  ALTER TABLE "PRODUCTO" MODIFY ("ID_PRODUCTO" NOT NULL ENABLE);
  ALTER TABLE "PRODUCTO" MODIFY ("NOMBRE" NOT NULL ENABLE);
  ALTER TABLE "PRODUCTO" MODIFY ("NUMERO_PIEZAS" NOT NULL ENABLE);
  ALTER TABLE "PRODUCTO" MODIFY ("PRODUCTO_ACTIVO" NOT NULL ENABLE);
  ALTER TABLE "PRODUCTO" MODIFY ("CODIGO" NOT NULL ENABLE);
  ALTER TABLE "PRODUCTO" ADD CONSTRAINT "PK_PRODUCTO" PRIMARY KEY ("ID_PRODUCTO")
  USING INDEX PCTFREE 10 INITRANS 2 MAXTRANS 255 COMPUTE STATISTICS 
  STORAGE(INITIAL 65536 NEXT 1048576 MINEXTENTS 1 MAXEXTENTS 2147483645
  PCTINCREASE 0 FREELISTS 1 FREELIST GROUPS 1
  BUFFER_POOL DEFAULT FLASH_CACHE DEFAULT CELL_FLASH_CACHE DEFAULT)
  TABLESPACE "USERS"  ENABLE;
  ALTER TABLE "PRODUCTO" MODIFY ("PRECIO" NOT NULL ENABLE);
--------------------------------------------------------
--  Ref Constraints for Table COMPRAS
--------------------------------------------------------

  ALTER TABLE "COMPRAS" ADD CONSTRAINT "FK_COMPRAS_CLIENTE" FOREIGN KEY ("FK_ID_CLIENTE")
	  REFERENCES "CLIENTE" ("ID_CLIENTE") ENABLE;
  ALTER TABLE "COMPRAS" ADD CONSTRAINT "FK_COMPRAS_DOMICILIO" FOREIGN KEY ("FK_ID_DIRECCION")
	  REFERENCES "DOMICILIO" ("ID_DIRECCION") ENABLE;
--------------------------------------------------------
--  Ref Constraints for Table COMPRAS_PRODUCTOS
--------------------------------------------------------

  ALTER TABLE "COMPRAS_PRODUCTOS" ADD CONSTRAINT "FK_COMPRAS_PRODUCTOS_COMPRAS" FOREIGN KEY ("FK_ID_COMPRA")
	  REFERENCES "COMPRAS" ("ID_COMPRA") ENABLE;
  ALTER TABLE "COMPRAS_PRODUCTOS" ADD CONSTRAINT "FK_COMPRAS_PRODUCTOS_PRODUCTO" FOREIGN KEY ("FK_ID_PRODUCTO")
	  REFERENCES "PRODUCTO" ("ID_PRODUCTO") ENABLE;
--------------------------------------------------------
--  Ref Constraints for Table DOMICILIO
--------------------------------------------------------

  ALTER TABLE "DOMICILIO" ADD CONSTRAINT "FK_DOMICILIO_CLIENTE" FOREIGN KEY ("FK_ID_CLIENTE")
	  REFERENCES "CLIENTE" ("ID_CLIENTE") ENABLE;
--------------------------------------------------------
--  Ref Constraints for Table MODULES
--------------------------------------------------------

  ALTER TABLE "MODULES" ADD CONSTRAINT "MODULES_FK1" FOREIGN KEY ("FK_ID_APPLICATION")
	  REFERENCES "APPLICATIONS" ("ID") ENABLE;
